TIMESTAMP,RECO_NT_VUT_REF,RECO_NT_VUT_25,RECO_NT_VUT_50,RECO_NT_VUT_75,RECO_DT_VUT_REF,RECO_DT_VUT_25,RECO_DT_VUT_50,RECO_DT_VUT_75,GPP_NT_VUT_REF,GPP_DT_VUT_REF,SIF_GOME,SIF_GOME_NORM,,GPP_NT_VUT_25,,GPP_NT_VUT_75,GPP_DT_VUT_25,GPP_DT_VUT_75
199801,1.31455,1.29197,1.37234,1.52448,1.02347,0.921711,0.971626,1.04182,0.196822555,0.036872684,-9999,-9999,,0.194265,,0.246207,0.0328325,0.0611857
199802,1.08748,1.08055,1.19056,1.25148,1.37814,1.1719,1.23571,1.29787,0.182258143,0.201883138,-9999,-9999,,0.186357,,0.306952,0.15739,0.184278
199803,1.43252,1.4228,1.51174,1.54971,1.21869,1.23906,1.3487,1.4649,0.264226994,0.257726397,-9999,-9999,,0.256943,,0.299353,0.234955,0.332325
199804,2.51072,2.50745,2.55194,2.69853,2.66002,2.62851,2.71408,2.85097,1.298815867,1.429056633,-9999,-9999,,1.25089,,1.34095,1.36727,1.44223
199805,4.37007,4.32649,4.39571,4.77226,3.76135,3.56793,3.80781,4.11418,4.587837742,4.157980516,-9999,-9999,,4.55393,,4.9827,4.02065,4.24483
199806,4.18755,4.16413,4.24534,4.6742,5.07868,5.21051,5.38249,6.32404,8.086396667,8.037802667,-9999,-9999,,7.60075,,7.94289,8.03075,8.64481
199807,5.76228,5.30113,5.7548,6.15303,5.66479,6.36414,6.87393,7.79729,9.966890645,9.847748065,-9999,-9999,,9.55213,,10.162,10.2149,10.9475
199808,4.31273,4.27241,4.31738,4.48177,5.27337,5.45328,5.94805,6.50262,7.665832903,8.679041613,-9999,-9999,,7.64982,,7.80746,8.73263,9.12149
199809,3.70566,3.64481,3.70028,3.76502,3.88203,3.1982,3.48001,3.74801,5.090423333,5.478587667,-9999,-9999,,5.05888,,5.25012,5.12048,5.46996
199810,2.52932,2.52812,2.54313,2.67097,2.28717,2.00241,2.12107,2.25889,1.181388784,1.552401613,-9999,-9999,,1.02827,,1.14352,1.38571,1.58398
199811,2.54685,2.54685,2.57145,2.65276,2.23597,1.92179,2.27394,2.71989,0.552836947,0.296317327,-9999,-9999,,0.411273,,0.509767,0.253238,0.42965
199812,1.67729,1.67133,1.82834,1.91563,1.6094,1.58177,1.73922,1.77585,0.106821648,0.168752242,-9999,-9999,,0.0798995,,0.118886,0.0788932,0.16936
199901,0.983511,0.911755,0.974119,0.996622,0.943838,0.944236,1.0374,1.09288,-0.103163304,0.045131013,-9999,-9999,,-0.114543,,-0.0769681,0.0384368,0.0646871
199902,1.01456,0.973846,1.02813,1.05835,1.0565,1.06721,1.1061,1.18953,-0.1326099,0.01026284,-9999,-9999,,-0.168643,,-0.120876,0.0102628,0.0362987
199903,1.28644,1.23129,1.27426,1.30645,0.98203,0.96968,0.990741,1.04481,0.317028265,0.204772932,-9999,-9999,,0.286968,,0.323113,0.197504,0.244292
199904,2.0843,2.00157,2.05156,2.08417,1.55669,1.57919,1.60371,1.66364,1.1660706,0.8112794,-9999,-9999,,1.17486,,1.23962,0.801872,0.851325
199905,3.88054,3.83644,3.88306,3.95064,3.34194,3.47205,3.58554,3.71923,3.866637419,3.251550645,-9999,-9999,,3.89963,,3.97124,3.27914,3.49074
199906,4.97229,4.76811,4.86165,5.01495,4.35557,4.28425,4.60379,5.10759,11.17579367,10.50748033,-9999,-9999,,10.9407,,11.3297,10.3959,11.0497
199907,7.05699,5.70884,5.98934,6.67696,6.10869,5.38824,5.98291,6.26798,10.79096548,11.16714935,-9999,-9999,,10.0673,,10.7708,10.7082,11.2153
199908,4.26671,4.26671,4.43813,4.56586,5.36614,4.91506,5.3641,6.05159,7.675112581,8.311287419,-9999,-9999,,7.5476,,7.66594,8.00102,8.72681
199909,5.83991,5.54858,6.35982,6.4816,5.93083,5.85993,6.31557,7.04304,6.067092967,6.656913,-9999,-9999,,6.09437,,6.58449,6.51881,6.82273
199910,2.7415,2.723,2.75265,2.86783,2.2378,2.09681,2.21569,2.37427,2.175799381,2.043402677,-9999,-9999,,2.16866,,2.21207,2.03541,2.20635
199911,2.90124,2.90124,2.94867,3.10634,2.90757,2.84167,2.88302,2.92942,0.50763007,0.536866553,-9999,-9999,,0.497202,,0.562118,0.503173,0.542153
199912,1.85656,1.82885,1.85709,1.89505,1.14809,1.13357,1.1462,1.17695,0.197386153,0.212208665,-9999,-9999,,0.15217,,0.179421,0.198191,0.216578
200001,1.46733,1.22599,1.47784,1.70764,1.31315,1.31308,1.33164,1.67394,0.047223197,0.002611801,-9999,-9999,,-0.168727,,0.260808,0.00202124,0.00232331
200002,1.23941,0.976846,1.2533,1.51254,1.33321,1.32611,1.33015,1.34987,-0.169073884,0.043381874,-9999,-9999,,-0.368676,,0.0990916,0.042734,0.045839
200003,1.91275,1.80856,1.92796,2.06433,2.04128,1.66887,1.72637,2.08441,0.772834029,0.871426516,-9999,-9999,,0.602437,,0.747928,0.546855,0.880441
200004,2.58251,2.53646,2.59759,2.77528,2.34506,2.33314,2.50905,2.61855,1.395509433,1.5640166,-9999,-9999,,1.38618,,1.4765,1.37641,1.56402
200005,6.80566,6.71009,6.95204,7.09082,4.93917,4.85716,5.06043,5.31857,5.252519323,3.986766774,-9999,-9999,,5.19456,,5.25464,3.7518,4.00335
200006,5.57185,5.52731,5.60013,5.66202,5.74332,5.25221,5.62526,5.81256,10.28883667,10.07282733,-9999,-9999,,9.98902,,10.2392,9.56897,10.3628
200007,6.00899,5.38892,5.64938,5.84991,6.46436,5.42164,6.06964,6.46436,11.46485677,11.65168484,-9999,-9999,,10.9112,,11.5013,10.8915,11.4639
200008,6.52977,5.11747,6.4195,6.49734,8.49697,5.22419,5.78063,6.73911,10.29688,12.04923839,-9999,-9999,,9.46205,,10.7749,9.60619,10.6336
200009,4.42458,4.30348,4.35228,4.40215,3.81508,3.94676,4.23811,4.70619,7.431682333,7.092303,-9999,-9999,,7.36205,,7.47354,7.26185,7.65847
200010,2.7833,2.72871,2.96465,3.06533,2.4057,2.59216,2.98817,3.36189,2.121937032,2.51112371,-9999,-9999,,2.16615,,2.49488,2.42032,2.76168
200011,1.88153,1.85922,2.02366,2.53098,1.45906,1.46325,1.87966,2.28933,0.374181867,0.34958781,-9999,-9999,,0.390104,,0.802833,0.364917,0.566315
200012,0.797454,0.737166,0.775762,0.817022,1.50976,0.778791,0.950987,1.59009,-0.154876766,0.18396916,-9999,-9999,,-0.167199,,-0.0200253,0.0314447,0.207467
200101,1.17492,1.10387,1.22294,1.24597,1.1005,1.10019,1.10487,1.15843,-0.102036474,0.005305358,-9999,-9999,,-0.117831,,-0.0774947,0.000950175,0.00554973
200102,1.3752,1.31876,1.43832,1.50312,1.94345,1.96875,2.09168,2.3439,-0.142326439,0.130766954,-9999,-9999,,-0.159017,,-0.134772,0.122475,0.164238
200103,1.47805,1.42856,1.60655,1.74012,1.64315,1.55273,1.62308,1.64256,-0.025006414,0.069450429,-9999,-9999,,-0.00987006,,0.143327,0.00824615,0.0694052
200104,2.90405,2.45456,3.17443,3.22271,2.07996,2.0694,2.48984,2.77123,0.947601274,0.986131074,-9999,-9999,,1.01103,,1.45578,0.959083,1.38283
200105,4.79632,4.25493,4.72298,4.91011,3.64608,3.79384,4.18366,4.39861,4.891005258,4.650629032,-9999,-9999,,4.891,,5.31921,4.74562,5.1737
200106,6.25449,5.35624,6.04328,6.2684,6.09112,6.06401,6.40061,6.86099,11.618537,11.37219733,-9999,-9999,,10.7588,,11.5917,11.3461,11.9079
200107,4.86213,4.70928,5.04487,5.28951,5.25462,5.23913,5.40156,5.66066,12.1878,12.63387032,-9999,-9999,,12,,12.3507,12.2965,12.6659
200108,4.33769,4.33769,4.61203,5.05481,4.54215,4.54215,4.94652,6.12668,10.42903903,10.86427677,-9999,-9999,,10.5028,,11.4148,10.7324,11.6196
200109,4.16973,4.17077,4.22682,4.26862,5.01054,5.24073,5.50358,6.41984,7.624876333,8.279843667,-9999,-9999,,7.64502,,8.10543,8.50771,9.51477
200110,2.7963,2.78558,2.90226,3.15559,2.59754,2.58699,2.68882,2.98644,2.770180548,2.738830613,-9999,-9999,,2.76881,,2.84069,2.72271,2.85623
200111,2.8488,2.79991,3.02579,3.2413,2.42214,2.44182,2.53671,2.69272,0.529851027,0.421388103,-9999,-9999,,0.531846,,0.72957,0.426045,0.569275
200112,1.92597,1.88117,2.04603,2.51124,1.71536,1.71051,1.86776,2.26337,0.175074719,0.413980839,-9999,-9999,,0.172613,,0.360548,0.412416,0.673739
200201,1.88077,1.79896,1.9092,2.12515,1.37788,1.18004,1.38297,1.41915,0.106410994,0.200170413,-9999,-9999,,0.232506,,0.329701,0.162252,0.229289
200202,1.95715,1.9395,2.05201,2.23967,1.42822,1.22315,1.4335,1.471,-0.308634329,0.275936257,-9999,-9999,,-0.241922,,-0.0965104,0.225593,0.309643
200203,2.14863,2.20304,2.33815,2.54749,1.55296,1.32998,1.5587,1.59948,-0.017931003,0.358084606,-9999,-9999,,-0.141751,,0.124695,0.295966,0.392249
200204,2.29243,2.38712,2.69241,2.82955,3.03338,2.62406,3.03338,3.13221,0.949766433,1.103938567,-9999,-9999,,0.503635,,0.814295,1.04661,1.148
200205,4.74054,4.67594,5.03945,6.02969,2.25058,2.65553,2.94119,3.94449,3.236784226,1.998835097,-9999,-9999,,3.30813,,4.21218,2.08074,2.2595
200206,4.74487,4.70203,4.84888,5.03571,5.47764,4.73526,5.57899,7.04962,10.47402167,11.556694,-9999,-9999,,10.7341,,11.2351,10.1185,11.3126
200207,5.97587,5.80943,6.02525,7.14803,5.80747,5.89802,6.50076,7.42381,12.25479355,12.20240452,-9999,-9999,,12.4878,,14.0081,12.3267,12.9321
200208,4.29293,4.29977,4.46309,4.56805,5.81909,5.07347,5.28888,5.83569,9.568907097,11.18602613,-9999,-9999,,9.62881,,10.132,10.7875,11.1958
200209,5.61008,5.41799,5.84642,7.77761,4.01124,3.99407,4.89,5.61745,8.076425333,7.150946667,-9999,-9999,,8.18359,,9.39319,7.17217,7.89205
200210,3.20523,3.09349,3.32419,3.62549,1.75605,1.78288,2.16458,3.05337,2.848758581,2.394897968,-9999,-9999,,2.79984,,2.91259,2.43771,2.7451
200211,2.44418,2.37138,2.64658,2.88988,2.00034,1.87156,1.95528,2.02728,0.26996131,0.318463287,-9999,-9999,,0.255836,,0.303712,0.237045,0.304685
200212,2.02038,1.98669,2.06387,2.17915,3.34842,3.11034,3.24883,3.32202,0.042707803,0,-9999,-9999,,0.077986,,0.124656,0,0
200301,1.45379,1.42866,1.46212,1.52535,0.654663,0.654663,0.934128,1.24545,-0.007249386,0,-9999,-9999,,-0.0465056,,-0.00333545,0,0.0216328
200302,1.58527,1.55159,1.58682,1.68929,0.986947,0.986947,1.04063,1.05762,-0.006079632,0.000395566,-9999,-9999,,-0.0022041,,0.0302594,0.000648176,0.00216852
200303,1.44628,1.38814,1.45901,1.53723,1.40093,1.35069,1.40086,1.45863,0.149676126,0.278700872,-9999,-9999,,0.150526,,0.176646,0.254527,0.288402
200304,2.0653,2.00449,2.12735,2.31631,3.05567,2.94668,3.05567,3.35734,0.870251283,1.401911933,-9999,-9999,,0.893454,,1.11564,1.34478,1.61845
200305,2.90757,2.88916,2.913,3.00511,6.36509,4.70739,6.33751,6.46553,2.337651781,3.875961484,-9999,-9999,,2.31595,,2.38599,3.8375,4.1544
200306,6.75818,6.18082,6.54183,6.75829,6.07478,5.96701,6.19744,6.42764,10.76238033,10.40432233,-9999,-9999,,10.366,,10.8482,10.0161,10.8037
200307,6.14577,5.72572,6.01563,6.41638,5.40669,5.50567,6.09856,6.48498,12.66428806,12.83648774,-9999,-9999,,12.4247,,13.1139,12.8365,13.6465
200308,5.83549,5.69742,5.83538,6.06102,8.97325,9.08223,9.99097,11.4287,10.60018839,12.83206548,-9999,-9999,,10.1911,,10.6765,12.8784,13.6206
200309,4.17682,4.03537,4.14927,4.2399,6.03775,5.10851,5.4634,5.90799,6.995454333,8.476321,-9999,-9999,,6.99786,,7.4255,7.96079,8.78318
200310,3.38404,3.37475,3.40004,3.84476,7.8979,3.76493,5.13089,12.0959,2.202022068,5.714459032,-9999,-9999,,2.2783,,2.51535,5.28512,7.8806
200311,4.15258,3.87638,4.1301,4.15847,8.1388,3.47656,4.60983,11.2688,1.019324503,3.869680333,-9999,-9999,,0.563203,,0.98604,3.54052,5.57653
200312,1.84886,1.85354,1.87789,1.91432,7.19637,3.07219,3.85022,8.65276,0.140758177,4.024700323,-9999,-9999,,0.0811909,,0.145597,3.64126,5.78
200401,2.47561,2.44381,2.55375,2.81285,5.63037,4.67595,5.66215,5.71496,1.180819119,0.136110019,-9999,-9999,,1.04867,,1.40639,0.1383,0.251548
200402,1.43253,1.37973,1.4567,1.4621,1.44859,1.43694,1.43862,1.45103,-0.081829521,0.029667617,-9999,-9999,,-0.0837023,,-0.0481541,0.0292848,0.0337716
200403,1.75114,1.7392,1.76849,1.80908,1.54006,1.40559,1.59284,1.62486,0.355661674,0.170464997,-9999,-9999,,0.356589,,0.381833,0.130323,0.170896
200404,2.89012,2.89012,2.92185,3.01047,2.66305,2.26692,2.39594,2.60932,1.551408533,1.216145,-9999,-9999,,1.22204,,1.55141,1.11201,1.21196
200405,5.79389,5.71463,5.75807,5.79389,5.7646,5.27268,5.36776,5.7646,6.251302903,6.605277742,-9999,-9999,,6.11556,,6.22686,6.19002,6.41754
200406,5.31695,5.31695,5.36599,5.59238,4.69279,4.84319,5.27048,5.55363,11.406249,10.87313467,-9999,-9999,,11.358,,11.549,11.0229,11.4522
200407,5.91734,5.60836,6.07817,6.21708,6.56766,6.49422,7.07656,7.8373,12.76780774,13.2898629,-9999,-9999,,12.7586,,13.2824,12.7203,13.613
200408,5.1559,4.98482,5.15502,5.24484,6.05341,6.02824,6.27979,6.51528,11.22505484,11.79397806,-9999,-9999,,11.1522,,11.3073,11.7689,12.155
200409,4.16614,4.13764,4.26176,4.3221,4.91501,4.35015,4.66876,4.93659,8.291713,8.989471333,-9999,-9999,,8.22222,,8.32852,8.70528,9.00036
200410,2.77833,2.7799,2.82839,2.86471,2.73241,2.80739,2.85229,2.89251,3.116624774,3.333309387,-9999,-9999,,3.10564,,3.13803,3.34638,3.40187
200411,2.54867,2.48519,2.64607,2.71193,2.3298,2.19973,2.28453,2.31941,0.587733287,0.660186363,-9999,-9999,,0.587734,,0.628548,0.524703,0.631163
200412,1.32958,1.33267,1.46552,1.50858,1.93312,1.92232,1.93422,1.95134,-0.418369053,0.066922206,-9999,-9999,,-0.409008,,-0.355681,0.061693,0.0676889
200501,1.44842,1.4105,1.44842,1.57835,0.731029,0.731007,0.738974,0.740394,0.645047929,0.000900516,-9999,-9999,,0.331147,,0.642727,0.000900516,0.00248062
200502,0.998995,0.99631,1.01099,1.01771,1.1093,1.08824,1.10696,1.11076,-0.034005228,0.067549947,-9999,-9999,,-0.040257,,-0.0328397,0.0572784,0.0678725
200503,1.01354,1.00997,1.04529,1.10179,1.41277,1.42354,1.43214,1.46649,-0.076713609,0.136251144,-9999,-9999,,-0.0704271,,-0.0287859,0.146893,0.307536
200504,1.27544,1.2569,1.26429,1.26856,2.34886,2.21951,2.3491,2.48577,0.769608287,1.197689933,-9999,-9999,,0.754222,,0.769482,1.10775,1.27449
200505,2.41092,2.39822,2.41345,2.42291,3.04493,2.78239,2.98442,3.10394,2.229342484,2.738734516,-9999,-9999,,2.18406,,2.21657,2.55752,2.76013
200506,4.94185,4.93172,4.97086,5.12695,6.10185,6.21366,6.25872,6.29239,7.311058667,6.629936333,-9999,-9999,,7.2768,,7.35972,6.4684,6.7317
200507,6.87053,6.62703,6.79671,6.89345,4.67182,4.85608,5.04717,5.42041,12.12087871,10.09837258,-9999,-9999,,12.2143,,12.5107,10.137,10.5476
200508,4.4838,4.23901,4.36851,4.50556,4.47162,3.7743,4.56025,6.718,9.674653871,9.147836129,-9999,-9999,,9.6324,,9.90803,9.0927,10.5371
200509,3.69565,3.59136,3.63197,3.6926,3.58093,3.82841,3.96273,4.92341,8.229246,7.617657,-9999,-9999,,8.1384,,8.24657,7.58615,8.41922
200510,2.73116,2.69432,2.71582,2.73116,4.81752,3.53103,4.15883,4.70243,2.16347151,3.948697742,-9999,-9999,,2.03959,,2.1631,2.42662,3.8672
200511,2.22815,2.16158,2.2616,2.3565,1.89456,1.94056,2.08908,2.35693,0.574826172,0.4120588,-9999,-9999,,0.558239,,0.595366,0.427493,0.547705
200512,1.12506,1.10012,1.11224,1.12475,0.973813,0.972009,0.977229,0.984207,0.11815117,0.0686643,-9999,-9999,,0.118151,,0.127241,0.0686643,0.0719204
200601,1.39237,1.38065,1.40391,1.42404,1.22099,1.20861,1.22099,1.22132,0.166579984,0.100820719,-9999,-9999,,0.166127,,0.173714,0.099044,0.103319
200602,1.35978,1.35978,1.36259,1.40476,1.2488,1.24597,1.24882,1.29441,0.204118443,0.17326451,-9999,-9999,,0.181168,,0.206272,0.150996,0.173265
200603,0.877743,0.896538,0.911173,0.930505,1.14833,1.14833,1.20137,1.24724,0.138791332,0.436488968,-9999,-9999,,0.131241,,0.153999,0.388136,0.436488
200604,1.56191,1.555,1.56549,1.63042,1.38277,1.38169,1.39967,1.50884,1.215959113,1.283720477,-9999,-9999,,1.20423,,1.24228,1.28317,1.32675
200605,4.57504,4.53657,4.57305,4.59205,4.73095,4.73095,5.34303,5.40124,4.543868484,4.679043548,-9999,-9999,,4.47514,,4.54121,4.67904,5.01648
200606,6.74578,6.47293,6.52717,6.62103,7.81268,7.1763,7.6366,8.0696,12.642697,13.326018,-9999,-9999,,12.262,,12.662,12.506,13.545
200607,5.98153,5.69391,5.77046,5.96696,6.52507,6.31707,6.46949,6.54863,14.33297935,14.94509323,-9999,-9999,,14.3088,,14.5852,14.9085,15.1448
200608,4.39388,4.20077,4.28477,4.37135,4.09667,3.8886,3.99049,4.22647,9.914425484,9.726751613,-9999,-9999,,9.88462,,9.94505,9.69589,9.83351
200609,3.70297,3.6247,3.67487,3.70918,4.63724,4.0508,4.18648,4.51896,6.515808,7.110634333,-9999,-9999,,6.50599,,6.569,6.83145,7.07026
200610,3.05063,3.03559,3.13439,3.1825,2.79067,2.74769,2.95279,3.05889,2.631680226,2.610795581,-9999,-9999,,2.63096,,2.66004,2.49905,2.65152
200611,2.93523,2.89202,2.99826,3.14767,2.54036,2.59691,2.97877,3.10928,0.770064203,0.634217967,-9999,-9999,,0.758261,,0.800086,0.66225,0.866226
200612,1.74703,1.74514,1.79785,1.81261,1.29938,1.13416,1.1521,1.29894,0.232319881,0.107650416,-9999,-9999,,0.245767,,0.27415,0.0640669,0.106857
200701,1.11247,1.09797,1.12346,1.13867,1.03106,0.990077,1.05933,1.06397,0.061410334,0.098861403,-9999,-9999,,0.0653598,,0.0806643,0.08336,0.1095
200702,0.976662,0.973546,0.994645,1.0401,1.17439,1.11961,1.16896,1.19275,0.071592189,0.078766753,0.22895363,0.48842728,,0.0713241,,0.122937,0.010823,0.0851991
200703,2.06185,2.06659,2.09971,2.25151,2.70944,2.61847,2.68162,2.71635,0.746409471,0.789242187,-0.013708524,-0.002749933,,0.74067,,0.846043,0.662082,0.797207
200704,3.41095,3.31189,3.45,3.58539,3.18346,3.25755,3.32911,3.47569,2.0823406,2.36227815,0.17612779,0.24601819,,2.08234,,2.26755,2.36228,2.48274
200705,7.68601,7.60582,7.68601,7.88004,6.49615,6.92598,6.96927,7.10438,8.49423,8.239709032,0.52875435,0.62646127,,8.37622,,8.60931,8.49209,8.54327
200706,4.65238,4.61236,4.65238,4.6801,3.4069,3.26784,3.35686,3.41227,10.17601767,9.297995667,0.93553436,1.121649,,10.1014,,10.1993,9.25305,9.29795
200707,5.48774,4.96291,5.28655,5.46934,4.21025,4.18532,4.40004,5.15229,11.47439355,10.88819065,0.57710266,0.69433486,,11.2979,,11.479,10.8553,11.0262
200708,2.5626,2.56224,2.56294,2.7763,3.35732,3.35352,3.45594,3.93338,8.543740968,9.394154194,0.60397935,0.77678907,,8.48495,,8.74588,9.36238,9.73151
200709,3.30239,3.29201,3.33152,3.38155,2.77763,2.83215,3.08436,3.19472,7.476041333,7.376496,0.38283417,0.5827251,,7.3648,,7.47407,7.47879,7.94429
200710,2.86273,1.8786,2.74376,3.02709,1.6786,2.21754,2.63563,3.67053,3.502446355,2.894839484,0.37263125,0.669479,,2.65491,,3.60981,2.95497,3.2609
200711,1.02362,1.0155,1.02362,2.09893,1.94217,1.29343,1.49811,1.94217,0.36586367,1.011076333,0.1399065,0.34164554,,0.370984,,1.12108,0.61117,1.01108
200712,1.30567,1.09063,1.24194,1.30508,1.68037,0.878687,1.04026,1.59639,0.393353494,0.836755774,-0.048268788,-0.18223944,,0.168466,,0.331345,0.407889,0.836756
200801,0.928295,0.909674,0.953643,1.27572,0.824299,0.800858,1.2094,1.21138,0.0796497,0.269787594,0.062951714,0.21919346,,-0.00734857,,0.181883,0.0710213,0.105343
200802,0.830823,0.831499,0.839413,1.22534,1.03449,0.998483,1.05499,1.07476,0.152479128,0.084422529,0.05726212,0.13376339,,0.14838,,0.505293,0.0570511,0.0890062
200803,0.775059,0.751366,0.822039,0.857987,0.791565,0.701509,0.755787,0.809232,0.282646652,0.330735603,0.3286254,0.5246492,,0.264893,,0.312348,0.27887,0.331606
200804,1.6884,1.65784,1.6954,1.78925,1.34838,1.4126,1.59475,1.7075,1.364618633,1.581556633,0.3049535,0.39248127,,1.36846,,1.48839,1.57189,1.61629
200805,3.97662,3.84979,3.946,3.97662,3.98898,3.49345,3.99635,4.08824,5.192243226,4.932719677,0.7077141,0.86177045,,5.12072,,5.1971,4.61985,4.99472
200806,2.48981,2.20041,2.48668,3.2264,6.06922,6.08562,6.44444,6.8112,8.457017667,12.27689233,0.84115225,1.0166887,,8.48247,,8.88807,12.2769,12.7431
200807,6.3002,5.57551,5.76867,5.98852,6.05187,5.54822,5.68058,6.46345,13.72976968,14.70064194,0.82910067,1.0419371,,13.7589,,14.0274,14.3869,14.7797
200808,5.07776,4.61227,4.79673,5.04788,4.77227,4.5246,4.84501,5.66735,10.62494097,10.56874355,0.46308675,0.6189713,,10.5063,,10.871,10.1983,10.8778
200809,3.15639,3.15639,3.22656,3.60251,2.24957,2.26107,2.50714,3.12486,7.002778667,6.649433333,0.31074962,0.46076277,,6.46191,,6.95072,5.58334,7.1438
200810,2.29204,2.26225,2.32559,2.58239,2.81122,2.04411,2.27805,2.72407,2.771345774,2.941607161,0.324213,0.58599997,,2.77412,,2.84361,2.50568,2.8241
200811,2.76139,2.65261,2.75681,2.83824,4.28422,3.41271,3.61325,4.50509,1.887703567,0.418892807,-0.007854874,-0.000955726,,1.662,,1.91014,0.257652,0.423536
200812,1.90786,1.89413,1.91669,2.00412,1.12359,1.05173,1.1379,1.15549,0.22035381,0.08891996,0.0809449,0.2798597,,0.146684,,0.188947,0.0182311,0.0801626
200901,2.23203,1.82557,2.625,3.02463,3.41691,1.5532,2.52012,3.01844,-0.420857735,0.189130617,0.10223385,0.37214094,,-0.439174,,-0.101781,0.0493886,0.344023
200902,1.88257,1.8334,2.07799,2.42251,1.31843,1.34257,1.55084,1.79416,-0.054682476,0.170637661,0.16275144,0.38211417,,0.0122141,,0.233151,0.185006,0.469852
200903,1.73242,1.3489,2.02441,2.65698,1.31306,1.3261,2.11072,2.55078,0.119613965,0.280830897,0.16591896,0.28443635,,0.123395,,0.879268,0.28365,0.521075
200904,3.02267,2.99291,3.38579,4.06859,2.43249,2.34729,3.26369,3.38921,1.460890467,1.588544933,0.22649337,0.29184228,,1.50074,,2.37821,1.49093,1.89331
200905,4.79808,4.35761,4.6501,5.05273,4.93048,4.99112,5.50491,6.24221,4.558472065,5.047971613,0.80493873,0.9922154,,2.67495,,4.37572,4.63728,5.29623
200906,5.26424,4.03865,4.30454,6.76949,4.82499,5.17398,9.37254,10.8311,8.776717333,9.609008333,0.50876325,0.5886412,,5.45794,,9.77185,9.9823,11.9422
200907,4.4505,4.3788,4.69753,7.42581,5.2367,5.39298,6.158,6.89597,10.6801671,11.86729419,0.5235614,0.6380273,,10.3473,,11.7337,11.429,12.5158
200908,4.22806,4.22435,4.31092,6.97207,5.52377,5.52377,7.36454,9.89932,9.343183871,11.26403677,0.5568331,0.72300804,,8.88251,,11.5396,10.3105,12.1016
200909,3.59547,3.52599,3.77299,5.57578,5.63338,3.86203,5.10268,6.11508,7.894374667,9.214918333,0.45743108,0.668913,,7.77992,,9.89496,8.06854,9.10232
200910,2.93117,2.61657,3.26833,4.20686,3.95768,2.96877,3.35858,4.01692,2.149228226,3.438992419,0.31676942,0.5683993,,1.26835,,3.09608,2.79998,3.43577
200911,2.28665,1.85393,2.74738,3.45187,2.12659,2.06163,2.41372,2.93026,0.754379567,0.921110773,0.030197253,0.07432064,,0.684343,,2.05354,0.861307,1.2992
200912,1.69151,1.30123,1.89754,2.48309,1.775,1.73123,2.21011,2.6062,-0.258780587,0.056723265,0.16387537,0.50972843,,-0.856934,,0.3529,0.0560884,0.161765
201001,2.87894,2.79285,3.2291,3.59867,1.80132,1.32511,1.54304,1.80132,-0.064724817,0.027965984,0.1418569,0.40896657,,-0.0305038,,0.236736,0,0.0290437
201002,2.28279,2.17754,2.43215,2.59625,2.28057,2.13321,2.17655,2.20438,0.090202096,0.113332964,0.21854797,0.51154834,,0.0950999,,0.127595,0.0125919,0.0941693
201003,1.71339,1.62898,1.64355,1.67658,1.76182,1.72475,1.95391,2.4321,0.917184548,1.013047,0.15289025,0.26778805,,0.799158,,0.903763,0.929238,1.12735
201004,4.01993,3.78269,4.47544,5.03259,3.91845,3.90541,4.12732,4.46753,2.80071602,3.065992033,0.50435466,0.68776387,,2.8048,,3.41599,3.06599,3.32183
201005,8.46838,7.68408,8.00124,8.46799,8.24098,8.1221,10.0669,10.7255,9.46331871,9.898850968,0.67862135,0.80286545,,8.54976,,9.44523,9.74895,11.6435
201006,13.3053,11.2235,13.4395,19.3329,10.4187,10.2006,10.5966,14.2622,15.291808,15.30918,0.7532787,0.9008725,,14.7002,,17.7451,13.9824,15.4079
201007,13.1148,10.8678,11.784,18.112,13.8487,8.9866,11.4388,16.8305,13.48578871,14.67360484,0.5905142,0.7294828,,12.945,,18.6462,12.3723,16.2193
201008,7.28582,7.26967,7.4986,8.29455,6.27246,5.71694,6.67373,8.56733,11.25879548,9.531235484,0.46248636,0.6199627,,8.8474,,11.1621,9.16076,10.4013
201009,5.19273,4.81597,5.34954,6.37673,3.84177,3.88002,4.24724,4.70547,7.018434833,6.6444342,0.33668235,0.5062439,,7.01843,,7.94635,6.44284,6.83284
201010,4.53195,4.09655,4.91909,5.40038,4.22798,4.48681,5.06788,5.371,2.375366045,2.652311213,0.3711036,0.6812841,,2.42165,,2.69632,2.66287,2.92976
201011,3.31496,3.11214,3.83284,4.45674,2.14762,2.11539,3.07855,3.27123,0.891224263,0.592153813,0.061310727,0.1471361,,0.917388,,1.19305,0.480408,0.696562
201012,6.00689,5.73054,6.4084,6.66847,3.56161,3.84562,4.96084,5.34235,1.19064229,0.037801099,0.1085498,0.3134235,,0.903679,,1.1323,0.0333051,0.0954855
201101,1.29634,1.14972,1.19399,1.2473,2.13739,2.19287,2.51219,2.83517,-0.575295258,0.046142506,0.021294126,0.058590576,,-0.943016,,-0.571928,0.0461425,0.139659
201102,7.22591,6.60663,7.73622,8.3668,6.4062,6.40826,6.94608,7.76082,-0.859615664,0,0.2403589,0.59027797,,-1.74621,,-0.809407,0,0.0415178
201103,6.84873,6.35426,6.73424,6.9246,6.49833,6.59725,7.55606,8.14947,-0.948630171,0.431158058,0.15979119,0.29969013,,-1.13719,,-0.915604,0.454424,0.802141
201104,3.06649,2.87652,3.43797,3.9002,3.3942,3.39682,3.81869,4.33106,1.54092256,1.7995817,0.25525713,0.3687042,,1.52743,,2.07345,1.75014,2.1777
201105,5.87289,5.7543,5.94519,6.00532,4.98746,4.98746,5.56302,6.10399,4.670125548,4.366150548,0.8612404,1.0652919,,4.66924,,4.89003,4.37503,5.14019
201106,5.50281,5.27683,5.50448,5.59783,4.1562,4.72133,5.06848,5.37279,10.082745,9.526039333,0.66807044,0.80647635,,10.014,,10.63,9.52604,10.3874
201107,6.84587,6.4441,6.61425,7.35098,6.74561,6.43147,6.86665,8.5139,14.19863194,14.32547806,0.57893217,0.7170706,,14.0966,,14.8933,14.0431,14.6707
201108,8.44125,7.41911,8.14831,8.39199,6.59856,6.4174,7.15036,8.02651,11.94516003,12.5919771,0.5525354,0.733025,,11.9452,,12.5633,12.1778,13.3809
201109,5.5884,5.81088,6.37533,7.05149,5.8246,5.53205,5.87911,6.54486,8.97677,9.305069,0.3489408,0.4971563,,8.97677,,10.0569,8.75059,9.44532
201110,3.08072,3.01938,3.60793,4.41613,2.26634,2.36043,3.64357,4.8853,3.512631323,3.618716129,0.17413895,0.32922134,,3.54684,,4.77963,3.62781,4.87906
201111,1.90518,1.79903,2.25945,2.95621,1.44065,1.36327,1.4699,1.87762,0.523326697,0.520297247,0.09916732,0.2457116,,0.528143,,1.18961,0.500129,0.768321
201112,1.61811,1.47226,1.63727,1.76061,1.41104,1.26659,1.39056,1.42947,0.213170932,0.299122693,0.12737511,0.41507706,,0.156365,,0.214096,0.27568,0.324083
201201,1.17713,1.17426,1.20054,1.28818,1.43974,1.4411,1.48884,1.67877,-0.054895384,0.185111271,0.12887456,0.35492375,,-0.141978,,-0.0765882,0.157788,0.185111
201202,1.54932,1.50097,1.63061,1.9341,1.36154,1.35574,1.38117,1.44018,0.047326534,0.008092627,0.22584029,0.48374644,,0.0496425,,0.148115,0.00859187,0.0342846
201203,3.41896,3.23611,3.62888,3.75932,3.02863,2.52649,2.95219,3.22004,1.637251032,0.310238552,0.09222365,0.14772968,,1.62676,,1.87367,0.310281,0.348031
201204,3.67821,3.61383,3.89057,4.21744,3.18469,3.18469,3.26442,3.36317,2.125471567,1.980228067,0.3936964,0.52286315,,2.13647,,2.3851,1.97386,2.01364
201205,5.29809,5.21742,5.46334,5.87287,4.21546,4.57594,4.7933,5.04878,6.233666129,6.205697806,0.90186507,1.1053779,,6.37292,,6.76242,6.31473,6.66762
201206,5.3687,5.38281,5.45892,5.53916,6.23058,5.83107,6.05768,6.30786,12.53293833,13.30123267,0.7479439,0.91212684,,12.5667,,13.1682,13.1259,13.4466
201207,7.04657,6.56592,7.32751,9.166,5.28711,4.77642,5.25428,7.32419,12.90414097,12.08551323,0.4050499,0.49470568,,12.9042,,14.262,11.1705,12.0863
201208,5.0328,5.01864,5.17223,6.06665,3.79962,3.46396,3.92949,4.99068,10.79768097,10.29629806,0.46252388,0.60604,,10.8529,,11.7291,9.76224,10.7879
201209,5.09646,5.06457,5.15777,5.64091,3.64361,3.45851,3.73009,4.21141,7.569501667,7.091747333,0.24203077,0.3615961,,7.61035,,8.12706,6.75138,7.11441
201210,3.40983,3.35029,3.48711,3.6259,2.7807,2.78937,3.00801,3.40836,2.172017419,1.909784452,0.25436702,0.44130135,,2.12738,,2.19549,1.94429,2.18375
201211,2.22432,2.18227,2.32197,2.62599,2.48171,2.23275,2.4643,2.53361,0.533598933,0.90923462,0.035934206,0.051601045,,0.511016,,0.551995,0.755571,0.912461
201212,1.57579,1.55612,1.60553,1.6545,1.10607,1.08812,1.16189,1.40048,0.278234206,0.11734967,0.094938844,0.27917522,,0.183623,,0.270476,0.117012,0.196856