TIMESTAMP,RECO_NT_VUT_REF,RECO_NT_VUT_USTAR50,RECO_NT_VUT_MEAN,RECO_NT_VUT_SE,RECO_NT_VUT_05,RECO_NT_VUT_25,RECO_NT_VUT_75,RECO_NT_VUT_84,RECO_NT_VUT_95,RECO_DT_VUT_REF,RECO_DT_VUT_USTAR50,RECO_DT_VUT_MEAN,RECO_DT_VUT_SE,RECO_DT_VUT_05,RECO_DT_VUT_25,RECO_DT_VUT_75,RECO_DT_VUT_95,GPP_NT_VUT_REF,GPP_DT_VUT_REF,GPP_NT_VUT_25,GPP_NT_VUT_75,GPP_DT_VUT_25,GPP_DT_VUT_75,RECO_DT_VUT_25,RECO_NT_VUT_25,RECO_NT_VUT_75,RECO_DT_VUT_75,SIF_GOME,SIF_GOME_NORM
199901,0.663236,0.663346,0.62551,0.00567156,0.552734,0.597138,0.650434,0.662861,0.663236,0.55103,0.549439,0.549316,0.00181973,0.515818,0.545738,0.55103,0.571581,-0.0660757,0.0747691,-0.110555,-0.0660211,0.0735342,0.0758024,0.545738,0.597138,0.650434,0.55103,-9999,-9999
199902,0.30387,0.303946,0.297069,0.00250215,0.26739,0.288281,0.308076,0.308956,0.315246,0.451258,0.520191,0.476501,0.00714081,0.414299,0.440686,0.520191,0.55543,0.0124574,0.0847549,-0.0370751,-0.00886532,0.0847549,0.131132,0.440686,0.288281,0.308076,0.520191,-9999,-9999
199903,0.596114,0.596109,0.597137,0.000644172,0.592933,0.595423,0.597425,0.601328,0.603787,0.623647,0.803441,0.737744,0.0177258,0.604989,0.623647,0.803441,0.882399,0.330935,0.376725,0.326625,0.329848,0.365877,0.424228,0.623647,0.595423,0.597425,0.803441,-9999,-9999
199904,1.09994,1.10124,1.11237,0.00665883,1.01464,1.09504,1.13539,1.14497,1.17162,1.24734,1.26105,1.19781,0.0141089,1.07263,1.12567,1.25927,1.34276,2.39439,2.58607,2.38817,2.41155,2.5068,2.63867,1.12567,1.09504,1.13539,1.25927,-9999,-9999
199905,2.27257,2.21003,2.26724,0.00762773,2.19576,2.21886,2.30481,2.31334,2.32726,2.06724,1.88134,2.22798,0.0298423,1.87033,2.07785,2.36807,2.43234,3.81301,3.72645,3.81301,3.89068,3.76661,3.92461,2.07785,2.21886,2.30481,2.36807,-9999,-9999
199906,5.34881,5.37602,5.45008,0.0234244,5.28933,5.36116,5.47794,5.52775,5.81141,5.3259,5.13145,5.20701,0.0198529,5.06532,5.09674,5.31201,5.39135,7.97835,8.21142,7.96841,8.07434,8.19218,8.23014,5.09674,5.36116,5.47794,5.31201,-9999,-9999
199907,5.8299,5.83842,5.78306,0.0364577,5.53913,5.5762,5.90091,5.92939,6.04544,6.06174,5.73174,5.88145,0.0291877,5.56917,5.73852,6.00435,6.17489,7.73075,8.18248,7.68466,7.92692,7.95158,8.17048,5.73852,5.5762,5.90091,6.00435,-9999,-9999
199908,4.53581,4.58986,4.65474,0.0184093,4.52297,4.58098,4.67976,4.78363,4.80587,5.76127,5.65051,5.65984,0.0345092,5.32571,5.51591,5.82356,5.92208,5.62491,6.5635,5.61999,5.74642,6.39807,6.58518,5.51591,4.58098,4.67976,5.82356,-9999,-9999
199909,4.13223,4.13143,4.14042,0.0116962,4.08971,4.11306,4.17425,4.18141,4.20196,3.80285,4.05457,4.16789,0.0535147,3.60283,3.99014,4.32353,4.57907,4.18967,4.18587,4.17499,4.22294,4.27076,4.45942,3.99014,4.11306,4.17425,4.32353,-9999,-9999
199910,2.12302,2.12021,2.11314,0.00197047,2.09341,2.10301,2.12208,2.12383,2.13393,2.02207,2.11493,2.08788,0.00495361,2.02207,2.05955,2.10977,2.13787,1.11735,1.16492,1.09742,1.12688,1.17519,1.18719,2.05955,2.10301,2.12208,2.10977,-9999,-9999
199911,1.09452,1.0946,1.09021,0.00240516,1.05165,1.08885,1.09844,1.09999,1.10648,1.16473,1.1673,1.14574,0.00488618,1.0774,1.12671,1.16623,1.16927,0.237404,0.321171,0.216073,0.233806,0.304521,0.322085,1.12671,1.08885,1.09844,1.16623,-9999,-9999
199912,0.712965,0.713041,0.706326,0.00346111,0.662844,0.701052,0.713864,0.721087,0.741965,0.755194,0.729171,0.730979,0.00489153,0.69458,0.705454,0.74754,0.791332,-0.0252792,0.0337218,-0.0543765,-0.0318339,0.0265652,0.0321182,0.705454,0.701052,0.713864,0.74754,-9999,-9999
200001,0.298719,0.298651,0.297238,0.00118851,0.277823,0.295677,0.301688,0.302134,0.308034,2.03678,2.03605,2.04326,0.029139,1.71294,2.03605,2.05718,2.06236,-0.497688,0.111987,-0.497688,-0.489093,0.111987,0.116484,2.03605,0.295677,0.301688,2.05718,-9999,-9999
200002,0.304985,0.304921,0.303637,0.00121115,0.283844,0.302099,0.308166,0.308589,0.31454,2.06898,2.06825,2.07609,0.0298699,1.74002,2.06825,2.08971,2.09497,-0.331049,0.29166,-0.329821,-0.318068,0.29166,0.299721,2.06825,0.302099,0.308166,2.08971,-9999,-9999
200003,0.841405,0.842528,0.848961,0.00260147,0.799495,0.848212,0.855436,0.857111,0.867311,1.30759,1.29535,1.31453,0.00704477,1.1966,1.29537,1.33207,1.35876,0.336815,0.422286,0.336828,0.347271,0.422344,0.439435,1.29537,0.848212,0.855436,1.33207,-9999,-9999
200004,1.60199,1.58804,1.61396,0.0125532,1.5096,1.56109,1.64078,1.66458,1.77422,1.88038,1.9587,1.95973,0.0175318,1.75683,1.86992,2.07639,2.09969,2.02613,2.22297,2.01947,2.06491,2.22251,2.37536,1.86992,1.56109,1.64078,2.07639,-9999,-9999
200005,3.17627,3.15502,3.11421,0.0041773,3.06555,3.09881,3.12394,3.14021,3.1574,3.22909,3.32307,3.34544,0.0234728,3.06511,3.23942,3.45532,3.56314,5.00894,5.06022,4.95316,4.98161,5.05556,5.19191,3.23942,3.09881,3.12394,3.45532,-9999,-9999
200006,4.82914,4.80077,4.78862,0.0131311,4.66153,4.69646,4.86375,4.8727,4.89232,5.15193,5.19455,5.1253,0.0104744,4.98736,5.0976,5.17067,5.20029,7.45787,7.86702,7.4195,7.54272,7.82471,7.88192,5.0976,4.69646,4.86375,5.17067,-9999,-9999
200007,5.53833,5.54677,5.62343,0.0408292,5.33124,5.42413,5.82033,5.88909,6.12087,6.99574,6.86912,6.82902,0.0595904,6.02186,6.46269,7.03119,7.3352,7.43622,8.68672,7.32225,7.63726,8.35004,8.71122,6.46269,5.42413,5.82033,7.03119,-9999,-9999
200008,5.136,5.18665,5.22192,0.0204334,5.06311,5.14924,5.24047,5.29057,5.50519,6.87836,6.57268,6.61952,0.0581712,6.11411,6.35965,6.75909,7.49146,6.94257,8.21934,6.85322,6.95463,7.94992,8.17065,6.35965,5.14924,5.24047,6.75909,-9999,-9999
200009,3.767,3.76575,3.79445,0.0205605,3.52531,3.76107,3.80764,3.83908,4.04695,3.91157,3.95488,3.94827,0.0243268,3.68496,3.86107,4.03099,4.11373,4.66749,4.78989,4.64452,4.67709,4.78003,4.86752,3.86107,3.76107,3.80764,4.03099,-9999,-9999
200010,2.18377,2.17836,2.18332,0.00121439,2.16957,2.17957,2.18829,2.19151,2.19294,2.12483,2.13056,2.12417,0.00215393,2.09255,2.12106,2.13122,2.14396,1.38616,1.36366,1.38128,1.38704,1.35682,1.36621,2.12106,2.17957,2.18829,2.13122,-9999,-9999
200011,1.07637,1.07301,1.0782,0.000839671,1.07207,1.0743,1.08073,1.08239,1.08748,0.940851,0.939967,0.93463,0.00294437,0.884298,0.925723,0.947995,0.956707,0.23356,0.218768,0.229159,0.234493,0.218551,0.222645,0.925723,1.0743,1.08073,0.947995,-9999,-9999
200012,0.888585,0.888633,0.885061,0.000874705,0.877044,0.882309,0.887984,0.888226,0.891754,0.8269,0.81471,0.854938,0.0104949,0.716071,0.82237,0.894686,0.900224,0.0214596,0.0873353,0.0194303,0.0230116,0.0785183,0.0949347,0.82237,0.882309,0.887984,0.894686,-9999,-9999
200101,0.549864,0.550039,0.566288,0.00564325,0.542332,0.54959,0.56168,0.579914,0.626349,0.555253,0.620775,0.702711,0.0228241,0.536899,0.578798,0.836525,0.911325,0.0662537,0.0551249,0.0581092,0.067376,0.0556374,0.0890911,0.578798,0.54959,0.56168,0.836525,-9999,-9999
200102,0.483597,0.480305,0.509602,0.00537275,0.472312,0.482537,0.536321,0.544452,0.566591,0.660462,0.509064,0.696427,0.0399279,0.424657,0.509064,0.763318,1.22901,0.0144163,0.0972263,-0.00465901,0.0447692,0.0575933,0.0889442,0.509064,0.482537,0.536321,0.763318,-9999,-9999
200103,0.775854,0.767063,0.772587,0.00811216,0.691655,0.722058,0.805853,0.824756,0.832084,0.842263,0.798198,0.767535,0.0156842,0.469679,0.757483,0.816524,0.85905,0.218159,0.25945,0.196091,0.217695,0.216923,0.257337,0.757483,0.722058,0.805853,0.816524,-9999,-9999
200104,1.36328,1.35338,1.38904,0.0114444,1.32669,1.34318,1.38614,1.46437,1.54053,1.32314,1.23015,1.28175,0.0170049,1.11148,1.24261,1.31453,1.36131,1.64994,1.76265,1.64466,1.66308,1.70549,1.76855,1.24261,1.34318,1.38614,1.31453,-9999,-9999
200105,2.54144,2.51092,2.64928,0.0423596,2.37588,2.46947,2.8445,2.90392,3.00825,2.81488,2.88749,2.99946,0.0531324,2.65999,2.81426,3.0033,3.78551,4.59066,4.87698,4.57717,4.8961,4.85757,5.29284,2.81426,2.46947,2.8445,3.0033,-9999,-9999
200106,4.57267,4.56844,4.4955,0.0392163,3.85473,4.29261,4.61177,4.63253,4.77307,4.44837,4.46821,4.61437,0.0438805,4.15672,4.42451,4.8307,5.0955,6.66146,6.5989,6.44943,6.83525,6.56771,6.96523,4.42451,4.29261,4.61177,4.8307,-9999,-9999
200107,5.79876,5.7461,5.69171,0.0213477,5.39435,5.59319,5.79001,5.79876,5.85062,5.67864,5.70604,5.45725,0.0454653,4.96589,5.27792,5.66579,5.82826,8.51599,8.33088,8.42554,8.63907,8.11099,8.35278,5.27792,5.59319,5.79001,5.66579,-9999,-9999
200108,5.03769,5.05192,5.04241,0.00919422,4.94626,5.00899,5.07111,5.074,5.1278,4.94182,4.89935,5.08858,0.0397004,4.78781,4.9088,5.19607,5.62972,6.97466,7.10834,6.9542,7.03903,7.10836,7.28698,4.9088,5.00899,5.07111,5.19607,-9999,-9999
200109,3.35024,3.33675,3.34007,0.0136278,3.25176,3.28169,3.3503,3.39731,3.51281,3.73125,3.71955,3.73669,0.0153208,3.55068,3.69889,3.75406,3.89988,3.29627,3.62833,3.291,3.34233,3.61871,3.65208,3.69889,3.28169,3.3503,3.75406,-9999,-9999
200110,2.09224,2.09851,2.10013,0.00191664,2.08332,2.09023,2.10515,2.11221,2.12044,2.04429,2.04818,2.08275,0.00901422,2.02018,2.04275,2.11335,2.13297,1.17283,1.18925,1.16555,1.178,1.21487,1.26802,2.04275,2.09023,2.10515,2.11335,-9999,-9999
200111,0.85949,0.859214,0.862497,0.00188483,0.851059,0.854453,0.869498,0.871693,0.87419,0.676909,0.666194,0.689189,0.00603315,0.653942,0.666687,0.690591,0.774895,0.275762,0.220221,0.261963,0.275908,0.221377,0.230846,0.666687,0.854453,0.869498,0.690591,-9999,-9999
200112,0.432363,0.432588,0.445658,0.00316508,0.417093,0.430161,0.462429,0.468292,0.475983,0.418581,0.378068,0.404799,0.010895,0.292029,0.377997,0.431069,0.463225,-0.100972,0.0134523,-0.104176,-0.0857202,0.0122175,0.0140556,0.377997,0.430161,0.462429,0.431069,-9999,-9999
200201,0.632068,0.630608,0.642395,0.00465315,0.602555,0.626609,0.665236,0.672891,0.683687,0.663214,0.66467,0.716031,0.0138073,0.602992,0.660247,0.749128,0.887336,-0.0816806,0.060559,-0.0895135,-0.0669729,0.0484376,0.0738399,0.660247,0.626609,0.665236,0.749128,-9999,-9999
200202,0.739008,0.735089,0.741162,0.00151086,0.732585,0.73449,0.749968,0.754843,0.759179,0.781439,0.774113,0.775718,0.0100057,0.59575,0.775626,0.782931,0.855083,0.127794,0.202261,0.124575,0.131402,0.198069,0.2061,0.775626,0.73449,0.749968,0.782931,-9999,-9999
200203,0.881752,0.87663,0.887644,0.00443703,0.852787,0.871903,0.90719,0.917157,0.921978,0.954573,0.976019,0.94353,0.0126356,0.715688,0.938411,0.985678,1.01899,0.437825,0.482667,0.429847,0.450003,0.48139,0.498843,0.938411,0.871903,0.90719,0.985678,-9999,-9999
200204,1.68678,1.69002,1.61758,0.0110401,1.53383,1.57851,1.6349,1.66825,1.68678,1.66729,1.51238,1.54323,0.0159874,1.33642,1.47753,1.60993,1.66729,2.23126,2.1874,2.1729,2.2378,2.07554,2.18306,1.47753,1.57851,1.6349,1.60993,-9999,-9999
200205,3.33987,3.31395,3.2064,0.0251784,2.84531,3.06426,3.30687,3.33987,3.36566,3.28292,3.51773,3.48229,0.051748,3.17775,3.25285,3.57692,3.75414,5.34425,5.33499,5.20443,5.37218,5.33365,5.58375,3.25285,3.06426,3.30687,3.57692,-9999,-9999
200206,5.1919,5.19589,5.05609,0.0308591,4.74774,4.86751,5.19671,5.23856,5.25458,5.34617,5.8699,5.55057,0.0526536,5.03898,5.21467,5.81855,5.91745,7.91155,8.18537,7.781,8.06774,8.16655,8.53875,5.21467,4.86751,5.19671,5.81855,-9999,-9999
200207,5.80393,5.81052,5.73743,0.0316709,5.50042,5.545,5.83695,5.94701,6.15301,6.75208,6.01264,6.324,0.0930694,5.44421,5.78005,6.71738,7.08688,7.90831,8.76206,7.88821,8.17382,8.2412,8.79884,5.78005,5.545,5.83695,6.71738,-9999,-9999
200208,5.9414,5.89746,5.97161,0.0408436,5.67299,5.76367,6.08444,6.09818,6.68792,6.87078,6.67379,6.11376,0.178539,4.71841,5.40744,6.68514,6.86174,7.30405,7.75946,7.19483,7.48221,7.13211,7.75524,5.40744,5.76367,6.08444,6.68514,-9999,-9999
200209,3.45608,3.41537,3.41606,0.00885058,3.31008,3.38412,3.45608,3.46049,3.4639,3.13498,3.29459,3.28599,0.0207969,3.08147,3.21961,3.36687,3.40366,3.9336,4.04051,3.84677,3.94794,4.06714,4.12963,3.21961,3.38412,3.45608,3.36687,-9999,-9999
200210,1.30475,1.29599,1.30038,0.0071202,1.2325,1.26248,1.3297,1.34767,1.38025,1.06661,1.08516,1.08387,0.00791109,1.0046,1.05002,1.11558,1.176,1.12329,1.03195,1.1017,1.15791,1.02415,1.06434,1.05002,1.26248,1.3297,1.11558,-9999,-9999
200211,0.63439,0.636526,0.643479,0.00326867,0.624726,0.628711,0.656075,0.659841,0.681413,0.643284,0.637269,0.650058,0.00355976,0.625146,0.637151,0.659462,0.67146,0.0283823,0.0652779,0.0257457,0.0350364,0.0713016,0.0930625,0.637151,0.628711,0.656075,0.659462,-9999,-9999
200212,0.331795,0.346665,0.359763,0.0099994,0.311158,0.317883,0.386883,0.394973,0.497795,0.331201,0.326864,0.341217,0.00538469,0.308344,0.323839,0.352615,0.398524,-0.0966795,0,-0.102797,-0.0642924,0,0.0042645,0.323839,0.317883,0.386883,0.352615,-9999,-9999
200301,0.412549,0.411035,0.407352,0.00370439,0.375547,0.392897,0.415888,0.425326,0.429017,0.322053,0.320195,0.320223,0.00106004,0.310066,0.315951,0.32371,0.324736,-0.130986,0.0307189,-0.112226,-0.0866848,0.0249325,0.0318814,0.315951,0.392897,0.415888,0.32371,-9999,-9999
200302,0.505027,0.504711,0.501822,0.00527155,0.458093,0.478294,0.516219,0.536904,0.56797,0.424485,0.510235,0.501975,0.0132305,0.41695,0.455965,0.529716,0.585941,0.103959,0.119981,0.0953539,0.131242,0.115262,0.157189,0.455965,0.478294,0.516219,0.529716,-9999,-9999
200303,0.858836,0.858194,0.858118,0.00137071,0.84906,0.853007,0.860201,0.862947,0.870597,0.685905,0.660855,0.748116,0.0103881,0.660688,0.688517,0.793491,0.810392,0.371061,0.32178,0.374074,0.380476,0.321551,0.37598,0.688517,0.853007,0.860201,0.793491,-9999,-9999
200304,1.23874,1.23644,1.25241,0.00537278,1.22483,1.22815,1.25571,1.27276,1.31338,1.06753,1.09981,1.08159,0.00778484,0.994205,1.0496,1.10405,1.1461,1.3348,1.19749,1.3206,1.34428,1.18686,1.24934,1.0496,1.22815,1.25571,1.10405,-9999,-9999
200305,2.77349,2.78766,2.84749,0.0296224,2.6862,2.74169,2.86051,2.95146,3.21516,3.08438,3.15271,3.21109,0.0378854,2.85665,3.07347,3.39397,3.59806,4.12511,4.41755,4.06847,4.13033,4.41027,4.62736,3.07347,2.74169,2.86051,3.39397,-9999,-9999
200306,4.30628,4.29016,4.28687,0.0495732,3.77696,4.16408,4.411,4.41663,4.70773,4.46982,4.3299,4.53475,0.034381,4.15382,4.4416,4.64151,4.93282,7.43196,7.49773,7.24247,7.5026,7.45779,7.60796,4.4416,4.16408,4.411,4.64151,-9999,-9999
200307,5.70915,5.70686,5.87201,0.0319941,5.55672,5.70962,6.03385,6.0555,6.09183,6.39238,6.51082,6.23664,0.13812,5.05251,5.60979,6.682,7.12623,8.01266,8.03918,7.68494,8.06842,7.3972,8.21575,5.60979,5.70962,6.03385,6.682,-9999,-9999
200308,5.91805,5.91768,5.8528,0.0464252,5.01117,5.67367,5.99441,6.10359,6.18326,5.16078,5.44198,5.66691,0.0835912,5.05359,5.16078,6.04448,6.55566,6.7726,6.56554,6.61299,6.80865,6.56554,7.09353,5.16078,5.67367,5.99441,6.04448,-9999,-9999
200309,3.54708,3.54712,3.56216,0.0206107,3.24129,3.52027,3.67817,3.6955,3.7126,3.23918,3.65095,3.37182,0.0531564,2.94283,3.1317,3.49049,4.13018,3.81521,3.70604,3.78805,3.9872,3.66765,3.97454,3.1317,3.52027,3.67817,3.49049,-9999,-9999
200310,1.72604,1.72621,1.71366,0.00517418,1.6783,1.68684,1.73268,1.74712,1.75658,1.53296,1.58893,1.5703,0.00655897,1.52913,1.53296,1.58893,1.66382,1.1104,1.10867,1.12274,1.14099,1.11794,1.14349,1.53296,1.68684,1.73268,1.58893,-9999,-9999
200311,1.08534,1.08541,1.09906,0.00442323,1.07434,1.07838,1.12251,1.13313,1.14607,1.05883,1.05847,1.04789,0.00532602,0.982978,1.02687,1.0665,1.08968,0.20176,0.249107,0.200364,0.20635,0.235338,0.253314,1.02687,1.07838,1.12251,1.0665,-9999,-9999
200312,0.804762,0.804934,0.806362,0.00380804,0.775667,0.790856,0.818119,0.827921,0.840807,0.514854,0.537349,0.513353,0.00287502,0.469092,0.505656,0.516348,0.547651,0.0292214,0.0201694,0.0433121,0.0550866,0.0200489,0.0245815,0.505656,0.790856,0.818119,0.516348,-9999,-9999
200401,0.294891,0.294891,0.27347,0.00194534,0.256611,0.262499,0.27983,0.289623,0.294891,0.232952,0.22961,0.215213,0.0039292,0.166424,0.206939,0.232246,0.236351,-0.110949,0.0110916,-0.133619,-0.089119,0.00531671,0.0112816,0.206939,0.262499,0.27983,0.232246,-9999,-9999
200402,0.594282,0.594282,0.631594,0.0037889,0.594282,0.61074,0.64817,0.650431,0.669186,0.477364,0.457849,0.478116,0.00580353,0.445437,0.457849,0.481016,0.570493,0.113539,0.0821106,0.105807,0.150577,0.0777723,0.0881218,0.457849,0.61074,0.64817,0.481016,-9999,-9999
200403,0.633281,0.633281,0.628036,0.00171315,0.606353,0.615859,0.635622,0.635787,0.642471,0.536264,0.465026,0.548939,0.0103739,0.449147,0.50546,0.598686,0.658479,0.296497,0.300793,0.288265,0.294629,0.282633,0.316021,0.50546,0.615859,0.635622,0.598686,-9999,-9999
200404,1.14205,1.14205,1.16087,0.00769841,1.08727,1.12425,1.17679,1.24329,1.25051,0.637978,0.723676,0.671913,0.00829142,0.531707,0.637978,0.7088,0.725279,2.25194,1.9128,2.21166,2.26743,1.9128,2.07449,0.637978,1.12425,1.17679,0.7088,-9999,-9999
200405,2.39287,2.39287,2.48288,0.00980962,2.39287,2.43418,2.54089,2.54423,2.55079,2.46629,2.46706,2.60345,0.0363325,2.46629,2.47162,2.58952,2.96034,4.94716,5.00146,4.93553,5.01821,5.00261,5.08145,2.47162,2.43418,2.54089,2.58952,-9999,-9999
200406,4.2679,4.2679,4.26685,0.0170171,4.13076,4.17629,4.35353,4.38384,4.42333,4.80549,5.03375,4.93445,0.0416595,4.32292,4.75308,5.18245,5.27548,6.9586,7.5221,6.92711,7.14444,7.51316,7.82411,4.75308,4.17629,4.35353,5.18245,-9999,-9999
200407,5.44461,5.44461,5.55481,0.0188444,5.4382,5.4499,5.67837,5.70003,5.71535,5.6747,5.83394,5.69695,0.022242,5.40665,5.61465,5.82375,5.83394,7.9393,8.10306,7.92728,8.14814,8.10306,8.24293,5.61465,5.4499,5.67837,5.82375,-9999,-9999
200408,5.10503,5.10503,5.17735,0.0242431,4.85653,5.10503,5.32537,5.34279,5.3583,6.03649,5.63837,5.84898,0.0357795,5.39098,5.63837,6.03649,6.12849,6.63848,7.35896,6.56854,6.81817,7.1597,7.34468,5.63837,5.10503,5.32537,6.03649,-9999,-9999
200409,3.86803,3.86803,3.9158,0.0101217,3.82504,3.86803,3.96332,3.97945,4.03064,3.97131,4.02106,4.02818,0.0136091,3.94223,3.98825,4.05309,4.15637,3.46821,3.64184,3.45401,3.50664,3.64161,3.6972,3.98825,3.86803,3.96332,4.05309,-9999,-9999
200410,1.94097,1.94097,1.90431,0.00335898,1.87081,1.88433,1.91209,1.91368,1.94097,1.9219,1.98375,1.98564,0.0146829,1.87299,1.9219,2.01212,2.20822,1.53034,1.68703,1.48512,1.53866,1.67697,1.71661,1.9219,1.88433,1.91209,2.01212,-9999,-9999
200411,0.962535,0.962535,0.935177,0.00247323,0.91601,0.923116,0.940622,0.944485,0.962535,0.902988,0.906934,0.891166,0.00613838,0.822257,0.880228,0.91385,0.922948,0.285541,0.3052,0.265733,0.285541,0.298909,0.312854,0.880228,0.923116,0.940622,0.91385,-9999,-9999
200412,0.647703,0.647703,0.624851,0.00282291,0.601282,0.607456,0.639329,0.647703,0.651088,0.684878,0.570646,0.595038,0.0134262,0.501336,0.50834,0.669099,0.684878,0.0247759,0.0835531,0.010136,0.0247759,0.0481787,0.0800709,0.50834,0.607456,0.639329,0.669099,-9999,-9999
200501,0.562966,0.565551,0.55592,0.00125252,0.545094,0.549719,0.562966,0.565031,0.567933,0.41895,0.453451,0.427764,0.00462803,0.377558,0.416177,0.44806,0.455776,0.0391203,0.0442672,0.0405464,0.0574147,0.0436965,0.052437,0.416177,0.549719,0.562966,0.44806,-9999,-9999
200502,0.39647,0.398085,0.382489,0.00252851,0.34967,0.373844,0.392644,0.398085,0.400976,0.267081,0.240951,0.255339,0.00373456,0.202903,0.247027,0.267081,0.295893,0.0240177,0.0378938,0.0241278,0.041776,0.0328981,0.0423317,0.247027,0.373844,0.392644,0.267081,-9999,-9999
200503,0.542083,0.538147,0.524002,0.00244048,0.497904,0.504157,0.538147,0.540247,0.542083,0.495049,0.462392,0.485353,0.0094835,0.338196,0.460221,0.523393,0.597789,0.194947,0.18335,0.174078,0.200733,0.173912,0.191807,0.460221,0.504157,0.538147,0.523393,-9999,-9999
200504,1.3014,1.19119,1.26955,0.0103964,1.1735,1.22362,1.3117,1.3578,1.37541,1.10058,1.02119,1.13049,0.0257984,0.850715,1.02398,1.16763,1.5059,2.26526,2.19261,2.2343,2.32692,2.18714,2.33973,1.02398,1.22362,1.3117,1.16763,-9999,-9999
200505,2.49243,2.40831,2.45783,0.0184861,2.31992,2.35421,2.54359,2.59891,2.63685,2.33703,2.4142,2.36208,0.00934437,2.24983,2.32375,2.41076,2.4651,4.48815,4.58283,4.47084,4.60181,4.56048,4.62828,2.32375,2.35421,2.54359,2.41076,-9999,-9999
200506,4.75975,4.72189,4.79131,0.0295095,4.52971,4.67538,4.99933,5.02316,5.03992,5.00858,5.19537,5.02209,0.03256,4.78938,4.90436,5.17581,5.33798,7.59763,7.94605,7.58672,7.85837,7.82063,8.07264,4.90436,4.67538,4.99933,5.17581,-9999,-9999
200507,4.96228,4.91597,5.19497,0.0364663,4.91597,5.0014,5.2846,5.31935,5.65624,5.92463,5.6629,5.77586,0.0702564,5.31166,5.51182,5.92463,6.43728,7.54518,8.2055,7.42073,7.65023,7.84091,8.13051,5.51182,5.0014,5.2846,5.92463,-9999,-9999
200508,5.24512,5.19063,5.05534,0.0369789,4.69734,4.84572,5.26769,5.30128,5.32522,4.88977,5.21248,4.85208,0.05792,4.243,4.4474,5.06695,5.31553,6.37583,6.52212,6.29548,6.72145,6.26681,6.63341,4.4474,4.84572,5.26769,5.06695,-9999,-9999
200509,3.80591,3.80764,3.78686,0.00749726,3.71271,3.74872,3.80801,3.83173,3.85454,3.46738,3.51137,3.57643,0.0195008,3.4171,3.50022,3.66817,3.68973,4.03734,4.06144,4.03447,4.05141,4.0727,4.15183,3.50022,3.74872,3.80801,3.66817,-9999,-9999
200510,3.29658,3.30813,3.26328,0.0257987,3.07908,3.09005,3.32327,3.33983,3.56738,3.29532,3.38109,3.3734,0.0249189,3.09799,3.24478,3.46458,3.62637,1.43242,2.02944,1.46207,1.63176,2.02268,2.10503,3.24478,3.09005,3.32327,3.46458,-9999,-9999
200511,3.10504,3.12773,3.01055,0.0339373,2.73705,2.74852,3.12773,3.12978,3.33607,2.99167,3.11783,3.08904,0.0330606,2.70792,2.9194,3.16737,3.44409,0.881306,0.559363,0.92751,1.25316,0.557804,0.587897,2.9194,2.74852,3.12773,3.16737,-9999,-9999
200512,2.30915,2.35617,2.08816,0.0504171,1.65485,1.6767,2.28755,2.35617,2.39123,1.9763,2.16834,2.11119,0.0485211,1.5683,1.86714,2.21879,2.6323,0.942844,0.353993,0.964916,1.59358,0.352959,0.373504,1.86714,1.6767,2.28755,2.21879,-9999,-9999
200601,0.65323,0.658339,0.66081,0.00225128,0.642072,0.6503,0.667238,0.674482,0.687387,0.249876,0.233131,0.377142,0.0223323,0.233131,0.249503,0.502236,0.562987,0.0603056,0.0584051,0.0465274,0.0630896,0.0574777,0.138627,0.249503,0.6503,0.667238,0.502236,-9999,-9999
200602,0.229915,0.226498,0.26409,0.0104485,0.207747,0.226498,0.269968,0.287245,0.448167,0.225485,0.233898,0.315428,0.016087,0.217255,0.233898,0.343803,0.491383,-0.00744488,0.148118,-0.0233148,0.0125405,0.156803,0.180521,0.233898,0.226498,0.269968,0.343803,-9999,-9999
200603,0.518825,0.513049,0.510129,0.00399585,0.453202,0.49628,0.518852,0.540773,0.548065,0.385321,0.380366,0.397389,0.0124705,0.290753,0.354474,0.438839,0.543954,0.169488,0.0892347,0.150545,0.169488,0.0681999,0.122002,0.354474,0.49628,0.518852,0.438839,-9999,-9999
200604,1.08325,1.08435,1.08731,0.0112226,1.00269,1.03168,1.13136,1.19036,1.21426,0.828203,0.829815,0.913616,0.0142496,0.816076,0.852837,0.942375,1.10571,1.56513,1.46165,1.56373,1.59746,1.47857,1.53607,0.852837,1.03168,1.13136,0.942375,-9999,-9999
200605,2.66067,2.61064,2.669,0.0239381,2.39352,2.60192,2.8006,2.85008,2.91085,2.03325,2.09778,2.27071,0.0304288,2.03325,2.14628,2.42803,2.65675,5.07676,4.76256,5.06405,5.11077,4.83421,5.01439,2.14628,2.60192,2.8006,2.42803,-9999,-9999
200606,4.59333,4.45742,4.65284,0.0394469,4.45727,4.47515,4.69459,4.85562,5.20979,4.80022,4.79706,4.65379,0.0445704,4.16321,4.54562,4.79706,4.85891,7.50425,7.84485,7.56981,7.68592,7.69428,7.8368,4.54562,4.47515,4.69459,4.79706,-9999,-9999
200607,5.64232,5.47183,5.49037,0.0479024,4.99386,5.1942,5.73035,5.80104,5.94293,5.45223,5.42515,5.18292,0.0551589,4.27647,4.90012,5.42515,5.52844,8.74519,8.79111,8.57886,8.99186,8.54114,8.80269,4.90012,5.1942,5.73035,5.42515,-9999,-9999
200608,4.56487,4.26683,4.28767,0.0767227,3.21167,3.80304,4.75052,4.8278,4.85213,4.02129,4.27969,4.32972,0.115202,3.35914,3.59873,4.8006,5.63072,4.93992,4.75563,4.55642,5.29926,4.47463,5.45515,3.59873,3.80304,4.75052,4.8006,-9999,-9999
200609,3.90143,3.90282,3.8988,0.0152377,3.73998,3.8264,3.94894,3.98024,4.04362,4.28963,4.30007,4.18807,0.0162282,3.99206,4.10756,4.28963,4.35832,4.07151,4.41175,4.0539,4.07614,4.30597,4.38667,4.10756,3.8264,3.94894,4.28963,-9999,-9999
200610,2.54266,2.55745,2.54472,0.00586635,2.47676,2.52114,2.56388,2.58334,2.59379,2.52216,2.51384,2.61216,0.0183017,2.4893,2.51384,2.73716,2.76966,1.25533,1.32205,1.26088,1.28073,1.32165,1.4241,2.51384,2.52114,2.56388,2.73716,-9999,-9999
200611,1.14733,1.14649,1.14243,0.00304978,1.11063,1.12946,1.15794,1.16015,1.17567,0.929145,0.944164,0.934415,0.00339741,0.902262,0.923559,0.944164,0.97307,0.22333,0.233733,0.202052,0.225096,0.231909,0.236255,0.923559,1.12946,1.15794,0.944164,-9999,-9999
200612,1.13383,1.13074,1.1288,0.00249375,1.10605,1.11896,1.13938,1.14191,1.1569,0.904685,0.91121,0.925294,0.00438839,0.893017,0.905189,0.941047,0.96379,0.122368,0.0888803,0.10809,0.118555,0.0864504,0.0946313,0.905189,1.11896,1.13938,0.941047,-9999,-9999
200701,0.651801,0.645088,0.664076,0.00338753,0.634288,0.651801,0.688371,0.692346,0.69511,0.625961,0.621218,0.634165,0.00710561,0.550931,0.621218,0.667045,0.69599,0.0301151,0.0942778,-0.00237033,0.0350029,0.0883014,0.0978942,0.621218,0.651801,0.688371,0.667045,-9999,-9999
200702,0.342992,0.309843,0.344431,0.00654666,0.284667,0.318154,0.386151,0.389969,0.393466,0.356097,0.348217,0.366342,0.00673058,0.258783,0.348217,0.387783,0.426197,-0.141708,0.164657,-0.147496,-0.129174,0.14032,0.171808,0.348217,0.318154,0.386151,0.387783,-9999,-9999
200703,1.01796,1.0174,0.990496,0.00370619,0.943983,0.975184,1.00319,1.0174,1.01796,1.42458,1.47744,1.33223,0.0208971,1.09393,1.22843,1.42458,1.47744,1.12311,1.35953,1.09308,1.12311,1.23454,1.35953,1.22843,0.975184,1.00319,1.42458,-0.078934096,-0.20856118
200704,1.68048,1.68738,1.65618,0.00378242,1.61888,1.63191,1.67233,1.68048,1.68738,1.30246,1.34683,1.33307,0.00468424,1.28622,1.30713,1.35508,1.37266,2.50641,2.33189,2.46084,2.50641,2.33293,2.363,1.30713,1.63191,1.67233,1.35508,0.2775476,0.4969207
200705,2.7398,2.7457,2.74456,0.00492266,2.68633,2.7342,2.7468,2.78069,2.80016,2.58146,2.61855,2.65887,0.0188487,2.48987,2.57566,2.73064,2.87328,4.59722,4.52066,4.59033,4.61038,4.52066,4.60934,2.57566,2.7342,2.7468,2.73064,0.18179317,0.27564552
200706,5.23878,5.26533,5.05856,0.037481,4.39087,5.02214,5.23878,5.2475,5.26533,3.98967,3.83799,4.07019,0.0356793,3.83799,3.92775,4.08686,4.63745,8.59536,7.38827,8.50911,8.76976,7.35663,7.49401,3.92775,5.02214,5.23878,4.08686,0.44921958,0.60860354
200707,6.19405,6.23619,6.12749,0.0266511,5.81037,5.99505,6.19405,6.29081,6.32866,5.57338,5.58515,5.51004,0.0364459,5.03004,5.33024,5.68802,5.77871,8.34546,7.84211,8.17902,8.43742,7.80209,7.94473,5.33024,5.99505,6.19405,5.68802,0.13824227,0.20688954
200708,5.33812,5.35418,5.33608,0.0506647,4.94568,5.09669,5.33812,5.82157,5.97991,5.16804,4.77336,5.05827,0.0441968,4.46382,4.8202,5.25334,5.41917,7.79756,7.50849,7.60888,7.82199,7.4271,7.61656,4.8202,5.09669,5.33812,5.25334,0.20027055,0.35744694
200709,3.82321,3.79452,3.82786,0.0195242,3.7108,3.71575,3.89878,3.93245,4.01903,2.98757,3.03168,3.13352,0.0187391,2.9767,3.03168,3.24481,3.28939,3.94249,3.59093,3.94249,4.07024,3.62718,3.72528,3.03168,3.71575,3.89878,3.24481,0.30812198,0.65794396
200710,2.06381,2.05664,2.08112,0.00489524,2.04644,2.05664,2.10713,2.11283,2.13587,2.11028,2.18796,2.11574,0.00784266,2.04965,2.05959,2.15255,2.19704,1.22469,1.34395,1.22504,1.2693,1.33879,1.36523,2.05959,2.05664,2.10713,2.15255,0.004526794,-0.055371374
200711,0.814979,0.817753,0.825398,0.00176525,0.811389,0.817753,0.834909,0.841428,0.842867,0.675792,0.596915,0.703456,0.0107303,0.596915,0.65567,0.752181,0.802049,0.18359,0.232976,0.173579,0.189864,0.229895,0.28482,0.65567,0.817753,0.834909,0.752181,-9999,-9999
200712,0.813318,0.811019,0.814081,0.00189501,0.7917,0.808261,0.822327,0.828354,0.828815,0.737874,0.763462,0.795096,0.0130654,0.71069,0.737874,0.861099,0.973159,0.0621541,0.106197,0.0552505,0.0621541,0.104961,0.124819,0.737874,0.808261,0.822327,0.861099,-9999,-9999
200801,0.596331,0.596331,0.599453,0.001298,0.585898,0.594097,0.601976,0.606856,0.614122,0.366606,0.374068,0.396003,0.00617774,0.354105,0.366675,0.413264,0.43897,0.0466303,0.0524678,0.041664,0.0466693,0.0504197,0.0556816,0.366675,0.594097,0.601976,0.413264,-9999,-9999
200802,0.658602,0.658602,0.649896,0.00191371,0.62501,0.641355,0.659622,0.662327,0.664808,0.535254,0.563688,0.61721,0.0144305,0.438993,0.556314,0.64771,0.750268,0.203352,0.189101,0.194905,0.206697,0.155655,0.196805,0.556314,0.641355,0.659622,0.64771,0.019981742,0.007430077
200803,0.71031,0.71031,0.694282,0.00168785,0.679703,0.686971,0.702481,0.705118,0.71031,0.640965,0.632103,0.653239,0.00588235,0.610904,0.628763,0.667385,0.722688,0.330738,0.282272,0.319853,0.330738,0.280504,0.339172,0.628763,0.686971,0.702481,0.667385,-9999,-9999
200804,1.25323,1.25323,1.25832,0.0177443,1.12107,1.1569,1.25323,1.41335,1.44633,1.4069,1.25351,1.22351,0.0296998,0.90449,1.05483,1.33768,1.44252,2.01765,2.31478,2.01765,2.08928,2.15094,2.30616,1.05483,1.1569,1.25323,1.33768,0.14317825,0.23608564
200805,2.48042,2.48042,2.49341,0.0132764,2.39278,2.43109,2.53296,2.59083,2.62231,2.41235,2.34263,2.28334,0.0150709,2.1494,2.17851,2.35751,2.41235,5.40328,5.38463,5.41377,5.52313,5.23316,5.34253,2.17851,2.43109,2.53296,2.35751,0.21596238,0.31374568
200806,4.58401,4.58401,4.4611,0.0381236,4.10856,4.27709,4.58401,4.73888,4.90038,4.57282,4.37808,4.57913,0.0517855,4.22276,4.3874,4.67903,5.16536,7.10179,7.42796,7.08462,7.34467,7.27937,7.45206,4.3874,4.27709,4.58401,4.67903,0.35462356,0.4938534
200807,5.31769,5.31769,5.25348,0.0307279,4.88403,5.1578,5.37525,5.41094,5.54245,4.56218,4.81369,4.79323,0.0654635,4.1552,4.56314,4.86623,5.32551,7.73806,7.49299,7.72793,7.91174,7.49299,7.78002,4.56314,5.1578,5.37525,4.86623,0.13043205,0.18527316
200808,4.69427,4.69427,4.72138,0.0213367,4.52714,4.61938,4.82948,4.90954,4.91547,4.594,4.41218,4.4846,0.0174484,4.13838,4.42244,4.55324,4.594,5.94473,6.08392,5.94473,6.09539,5.99496,6.0531,4.42244,4.61938,4.82948,4.55324,0.20237693,0.32933134
200809,3.35204,3.35204,3.35525,0.025625,2.8183,3.29171,3.44848,3.46274,3.48852,3.7206,3.32313,3.55916,0.049008,3.01243,3.32313,3.76203,3.81422,3.78867,3.98361,3.67698,3.90952,3.96775,4.25567,3.32313,3.29171,3.44848,3.76203,0.08808788,0.21069503
200810,2.21588,2.21588,2.21849,0.00158227,2.1932,2.21341,2.22266,2.22816,2.23516,2.21923,2.21167,2.20106,0.00634835,2.11721,2.19475,2.21923,2.25084,1.35629,1.44179,1.3297,1.35629,1.43172,1.44492,2.19475,2.21341,2.22266,2.21923,0.1644052,0.47633344
200811,1.08027,1.08027,1.08476,0.0017857,1.06459,1.0777,1.09436,1.09579,1.0989,1.25725,1.28516,1.28845,0.0165522,1.12336,1.22684,1.34174,1.48975,0.293126,0.409021,0.279116,0.293285,0.402324,0.436824,1.22684,1.0777,1.09436,1.34174,-9999,-9999
200812,0.744057,0.744057,0.760181,0.00177615,0.744057,0.751786,0.764367,0.77516,0.778874,0.756096,0.908713,0.922434,0.0232209,0.740233,0.779119,1.01835,1.20223,-0.0030041,0.0510877,-0.0100705,0.00400666,0.053762,0.107734,0.779119,0.751786,0.764367,1.01835,-9999,-9999
200901,0.5962,0.596974,0.582561,0.00231906,0.554422,0.569519,0.591409,0.593881,0.596514,0.534401,0.547978,0.56475,0.00942864,0.528018,0.534734,0.549553,0.733359,-0.0660521,0,-0.120927,-0.0642662,0,0.0123457,0.534734,0.569519,0.591409,0.549553,-9999,-9999
200902,0.447137,0.445992,0.453309,0.00110518,0.444417,0.449011,0.456692,0.458155,0.465398,0.383789,0.437436,0.406915,0.00976226,0.329685,0.375353,0.43743,0.506419,0.0671358,0.0382314,0.0640439,0.0686104,0.0325789,0.0461769,0.375353,0.449011,0.456692,0.43743,-9999,-9999
200903,0.617523,0.623764,0.622759,0.0020372,0.602079,0.613481,0.634461,0.638394,0.6409,0.539491,0.60731,0.590073,0.00641605,0.535729,0.555719,0.611533,0.67227,0.216547,0.212016,0.187111,0.220891,0.215576,0.246058,0.555719,0.613481,0.634461,0.611533,-9999,-9999
200904,1.4665,1.46027,1.46556,0.00507204,1.42717,1.4449,1.48164,1.49187,1.50372,1.66202,1.66592,1.65704,0.00649996,1.57717,1.6335,1.68441,1.70452,1.84626,1.98973,1.83428,1.84621,1.96901,1.99701,1.6335,1.4449,1.48164,1.68441,0.12838027,0.22754511
200905,3.0742,3.06989,3.07627,0.0188957,2.90489,2.97915,3.17752,3.20926,3.23283,2.92102,3.15648,3.09956,0.0388832,2.79229,2.88448,3.19769,3.58357,5.83818,5.77426,5.82296,5.97506,5.74426,5.95111,2.88448,2.97915,3.17752,3.19769,0.23264466,0.33778262
200906,5.06853,4.96002,4.98871,0.0413957,4.68114,4.76255,5.17918,5.24629,5.44691,4.50061,4.85371,4.46243,0.0491244,3.88529,4.3375,4.69021,4.85971,8.58822,8.14928,8.49176,8.88384,8.05018,8.28991,4.3375,4.76255,5.17918,4.69021,0.29246116,0.39709246
200907,5.96627,5.9671,6.02606,0.0395685,5.69314,5.84968,6.22838,6.38484,6.4141,5.76456,5.58063,5.56666,0.0423636,5.0002,5.43066,5.74986,5.8508,9.39744,9.37346,9.31136,9.56247,9.20234,9.34746,5.43066,5.84968,6.22838,5.74986,0.068157926,0.097085886
200908,6.20257,6.2094,6.37867,0.12344,5.43683,5.66036,6.96537,7.41391,7.65487,6.05779,6.41443,5.96207,0.0895412,4.83197,5.46077,6.44747,6.6762,7.92523,8.04427,7.76299,8.76457,7.86638,8.1465,5.46077,5.66036,6.96537,6.44747,0.058776457,0.109069504
200909,4.21276,4.21716,4.20426,0.0161775,4.04967,4.12834,4.27249,4.29093,4.36362,4.1541,4.18561,4.12231,0.0188442,3.92483,4.0524,4.18484,4.20944,4.51087,4.55086,4.47594,4.53549,4.48491,4.55219,4.0524,4.12834,4.27249,4.18484,0.14595532,0.3135242
200910,1.86502,1.85812,1.85695,0.00202711,1.84136,1.84931,1.85921,1.86367,1.88197,1.59017,1.51684,1.54919,0.00700961,1.44878,1.51656,1.57891,1.59499,1.49105,1.4655,1.46469,1.49043,1.44818,1.46707,1.51656,1.84931,1.85921,1.57891,0.22376604,0.6215897
200911,0.951905,0.950987,0.946833,0.000816839,0.936831,0.943536,0.949647,0.951056,0.951988,0.785179,0.85977,0.835254,0.0111965,0.780462,0.793129,0.859004,0.977004,0.26353,0.215941,0.24783,0.261296,0.225848,0.246878,0.793129,0.943536,0.949647,0.859004,-9999,-9999
200912,0.708362,0.700258,0.657581,0.0252856,0.453563,0.462299,0.797294,0.816883,0.823534,0.317741,0.313414,0.402424,0.0142735,0.276258,0.321237,0.500712,0.524283,0.141514,0.000363784,-0.234177,0.113302,0,0.0179511,0.321237,0.462299,0.797294,0.500712,-9999,-9999
201001,0.184553,0.207973,0.177279,0.00685661,0.0863867,0.155729,0.19513,0.197876,0.207293,0.806555,0.803007,0.704274,0.0304716,0.415852,0.586094,0.806903,0.873383,-0.144873,0.0962214,-0.177248,-0.136323,0.0697659,0.0962214,0.586094,0.155729,0.19513,0.806903,-9999,-9999
201002,0.374069,0.382993,0.381119,0.00349667,0.360434,0.371285,0.383969,0.389038,0.400519,0.350207,0.353169,0.387753,0.0114714,0.312078,0.350242,0.437775,0.486108,0.117103,0.0634968,0.109277,0.121094,0.0634009,0.0890564,0.350242,0.371285,0.383969,0.437775,-9999,-9999
201003,0.768631,0.773488,0.772806,0.00227835,0.758657,0.766604,0.77426,0.776264,0.789281,0.658869,0.751769,0.71319,0.0126121,0.580053,0.646785,0.77231,0.831004,0.274016,0.255334,0.261696,0.272442,0.240623,0.314053,0.646785,0.766604,0.77426,0.77231,-9999,-9999
201004,1.46305,1.46478,1.46274,0.00288678,1.43477,1.45187,1.4714,1.47748,1.48309,1.50278,1.59013,1.55142,0.0104757,1.47726,1.50162,1.58323,1.69433,2.01388,2.09029,2.01658,2.02987,2.08006,2.13062,1.50162,1.45187,1.4714,1.58323,0.17812376,0.30795893
201005,3.46699,3.49563,3.49883,0.0176655,3.37432,3.43195,3.50039,3.56495,3.65526,3.4924,3.48687,3.56179,0.0317769,3.25231,3.45132,3.60899,3.80174,5.16323,5.44847,5.16533,5.26653,5.44847,5.57946,3.45132,3.43195,3.50039,3.60899,0.2506723,0.3637575
201006,5.1831,5.1838,5.15719,0.0132173,5.01057,5.09782,5.21358,5.22808,5.26806,7.61226,7.65681,7.22011,0.134378,5.32501,7.1704,7.71141,7.78634,8.13595,11.2511,8.18691,8.27232,11.1761,11.4288,7.1704,5.09782,5.21358,7.71141,0.4270828,0.58950275
201007,5.87842,5.87901,6.00398,0.0289489,5.71387,5.88175,6.16732,6.18518,6.38179,6.764,6.70906,6.82822,0.0483126,6.58421,6.69166,6.82089,7.27408,8.44976,9.36293,8.4019,8.59011,9.30209,9.40864,6.69166,5.88175,6.16732,6.82089,0.2512813,0.35158005
201008,5.60393,5.61451,5.4193,0.038454,5.07967,5.22382,5.56955,5.66989,5.92205,5.53394,5.54662,5.54061,0.0270035,5.06795,5.48585,5.63714,5.74325,7.17783,7.30809,6.87332,7.21742,7.22173,7.3179,5.48585,5.22382,5.56955,5.63714,-0.027470456,-0.025084719
201009,3.92363,3.93877,3.93556,0.0120405,3.80774,3.88809,3.98548,4.02248,4.03237,3.28668,3.35283,3.47904,0.0220438,3.28668,3.36815,3.57807,3.71343,3.89916,3.51638,3.80843,3.87806,3.57019,3.65704,3.36815,3.88809,3.98548,3.57807,0.09044852,0.16978297
201010,1.79573,1.79447,1.80075,0.00330749,1.78108,1.78955,1.80208,1.80966,1.83635,1.70432,1.78578,1.76,0.0106799,1.68638,1.70432,1.79106,1.89154,1.513,1.6204,1.50602,1.51516,1.61896,1.67484,1.70432,1.78955,1.80208,1.79106,0.18821757,0.6052863
201011,0.903865,0.904886,0.895256,0.00380666,0.819331,0.896635,0.903738,0.90497,0.913696,0.899397,0.895879,0.886149,0.00653723,0.805815,0.862641,0.899397,0.950193,0.175627,0.30047,0.163724,0.175396,0.280372,0.302539,0.862641,0.896635,0.903738,0.899397,-9999,-9999
201012,0.247349,0.245259,0.244677,0.00175274,0.225401,0.237299,0.255725,0.259183,0.260084,0.241013,0.222037,0.23886,0.0113403,0.158099,0.166357,0.27462,0.422759,-0.101913,0.00174789,-0.102007,-0.0903011,0.000622342,0.00174789,0.166357,0.237299,0.255725,0.27462,-9999,-9999
201101,0.506917,0.503607,0.537209,0.00517173,0.502391,0.506917,0.567911,0.571299,0.575744,1.11992,1.11529,1.12108,0.00141541,1.1114,1.11708,1.12428,1.13799,-0.0761593,0.13802,-0.119698,-0.073522,0.137701,0.138307,1.11708,0.506917,0.567911,1.12428,-9999,-9999
201102,0.76108,0.768127,0.628186,0.0238659,0.382865,0.429166,0.760771,0.767358,0.770869,0.644208,0.648952,0.633731,0.00972311,0.487376,0.623311,0.660233,0.681726,0.251669,0.145153,0.0355674,0.320903,0.145153,0.169514,0.623311,0.429166,0.760771,0.660233,-9999,-9999
201103,0.653992,0.652767,0.666093,0.00280822,0.639821,0.652209,0.681306,0.690311,0.693758,0.870516,0.816827,0.799891,0.00660647,0.691906,0.777612,0.822668,0.867734,0.130112,0.263816,0.103193,0.131012,0.210496,0.232705,0.777612,0.652209,0.681306,0.822668,-9999,-9999
201104,1.61523,1.60097,1.56796,0.00839649,1.47203,1.52791,1.61453,1.61581,1.62128,1.66908,1.71192,1.63081,0.0133191,1.44322,1.61031,1.68736,1.72905,2.27032,2.37532,2.25101,2.30446,2.34295,2.38953,1.61031,1.52791,1.61453,1.68736,0.09886116,0.15458095
201105,2.86818,2.89587,2.82926,0.0132859,2.66999,2.76865,2.89893,2.91919,2.92735,3.07938,3.10985,3.05057,0.0278639,2.85106,2.96339,3.09232,3.15609,5.81954,5.96266,5.81954,5.93961,5.88833,5.96491,2.96339,2.76865,2.89893,3.09232,0.091032326,0.1364404
201106,5.84197,5.85662,5.65085,0.0391007,5.11581,5.54721,5.85662,5.87573,5.8986,6.15628,6.5114,6.37116,0.0600765,5.61572,6.07372,6.60864,6.86863,8.9679,9.4464,8.9679,9.27435,9.36743,9.81281,6.07372,5.54721,5.85662,6.60864,0.31082594,0.41726527
201107,6.42433,6.42355,6.54468,0.0250163,6.24117,6.42433,6.64773,6.69558,6.79689,5.99717,6.10758,6.30505,0.0491613,5.85909,6.03557,6.49055,6.64235,9.94952,9.5114,9.8633,10.0869,9.52328,9.96044,6.03557,6.42433,6.64773,6.49055,0.12726384,0.18496273
201108,5.08969,5.12638,5.15914,0.0128542,5.06018,5.10115,5.17286,5.23566,5.33114,6.49787,6.18566,6.37645,0.0458845,5.85463,6.16783,6.51041,6.8733,7.51246,8.68701,7.47615,7.62025,8.51126,8.72102,6.16783,5.10115,5.17286,6.51041,0.09190666,0.16703276
201109,4.51975,4.5146,4.54059,0.0409837,4.10545,4.35939,4.76179,4.88083,4.92568,5.53342,5.37522,5.35269,0.0746384,4.77836,5.13626,5.4812,5.56135,4.02662,4.68799,3.93447,4.35266,4.51873,4.74771,5.13626,4.35939,4.76179,5.4812,0.28065202,0.61079574
201110,2.39571,2.39512,2.42059,0.00609224,2.38928,2.39749,2.42793,2.44243,2.48763,2.50876,2.53807,2.54341,0.0107975,2.47461,2.50948,2.53993,2.67573,1.96159,2.09722,1.92072,1.95813,2.09685,2.10519,2.50948,2.39749,2.42793,2.53993,0.13162102,0.36585772
201111,1.47022,1.46536,1.49561,0.00418022,1.46536,1.47145,1.50702,1.51293,1.5392,1.34778,1.38651,1.34818,0.01023,1.21933,1.32757,1.3838,1.45476,0.370661,0.581935,0.35231,0.393653,0.561708,0.58827,1.32757,1.47145,1.50702,1.3838,-9999,-9999
201112,0.764768,0.765811,0.775788,0.00145841,0.764858,0.766689,0.780031,0.787386,0.792334,0.688149,0.655583,0.66931,0.0107573,0.604425,0.625976,0.688935,0.722215,0.127212,0.134788,0.118739,0.128818,0.129992,0.146981,0.625976,0.766689,0.780031,0.688935,-9999,-9999
201201,0.425776,0.427365,0.427436,0.00352965,0.391197,0.40316,0.446526,0.450759,0.454682,0.565045,0.596825,0.57141,0.0022644,0.556812,0.564778,0.579149,0.592798,-0.256836,0.0481851,-0.218787,-0.193728,0.045821,0.0980615,0.564778,0.40316,0.446526,0.579149,-9999,-9999
201202,0.329785,0.328603,0.318805,0.00222287,0.294779,0.307011,0.32903,0.329837,0.333537,0.398566,0.379227,0.448524,0.00494737,0.398566,0.428573,0.472465,0.490289,-0.118662,0.0493393,-0.104126,-0.0908546,0.054217,0.0950385,0.428573,0.307011,0.32903,0.472465,-9999,-9999
201203,0.935612,0.936252,0.941701,0.00195206,0.925361,0.931717,0.951278,0.953953,0.961914,0.739255,0.742942,0.772005,0.007105,0.727835,0.737174,0.813117,0.841913,0.607135,0.550037,0.61063,0.626267,0.549928,0.59291,0.737174,0.931717,0.951278,0.813117,0.09330407,0.2571969
201204,1.13121,1.14009,1.14132,0.00175055,1.12391,1.13489,1.15038,1.15149,1.15485,1.32073,1.42361,1.38541,0.00909305,1.30767,1.32197,1.41882,1.47116,1.51193,1.64287,1.48937,1.50097,1.64032,1.73967,1.32197,1.13489,1.15038,1.41882,0.24844341,0.40188864
201205,3.04575,3.00163,3.08161,0.0114613,2.91484,3.05309,3.13093,3.14153,3.14725,2.89216,2.93959,2.90651,0.0111608,2.81581,2.87039,2.92839,2.96908,5.70044,5.64201,5.69743,5.77487,5.63303,5.68726,2.87039,3.05309,3.13093,2.92839,0.36489117,0.53660065
201206,4.75134,4.75904,4.65475,0.0412719,4.20102,4.42594,4.8214,4.89568,4.92615,5.30799,5.19296,5.24682,0.0514941,4.82607,5.09994,5.30799,5.46394,8.29425,8.77597,7.97744,8.39508,8.67634,8.95771,5.09994,4.42594,4.8214,5.30799,0.38068065,0.5223593
201207,5.97518,5.97732,6.01824,0.0248436,5.89779,5.9172,6.04411,6.1396,6.37616,6.03233,5.84192,6.02026,0.0651584,5.0819,5.84232,6.35552,6.43073,8.71688,8.7393,8.71688,8.82691,8.48228,9.00192,5.84232,5.9172,6.04411,6.35552,0.14782514,0.20536987
201208,6.76858,6.74968,6.75508,0.0507626,5.94218,6.66623,6.91643,7.0174,7.19409,6.51727,5.79922,6.32724,0.0833763,5.21609,6.04372,6.71205,7.00914,8.85573,8.79125,8.66333,9.00769,8.64156,8.81822,6.04372,6.66623,6.91643,6.71205,0.24370882,0.3854083
201209,3.98286,3.98028,3.97472,0.00837381,3.87713,3.93262,4.01725,4.02507,4.05199,4.16101,3.98624,4.04767,0.0158582,3.90925,3.96305,4.15352,4.16975,3.84099,4.05352,3.84513,3.86976,3.94532,4.06065,3.96305,3.93262,4.01725,4.15352,0.11664642,0.20658661
201210,1.97806,1.98136,1.96066,0.00856704,1.89134,1.91293,1.98638,2.02561,2.05405,1.75296,1.70486,1.73669,0.00801952,1.65266,1.70211,1.75495,1.84176,1.22392,1.53971,1.24365,1.2928,1.53353,1.56642,1.70211,1.91293,1.98638,1.75495,0.037616517,0.10300644
201211,1.1019,1.10006,1.1053,0.00205786,1.08471,1.09502,1.11227,1.12166,1.12558,0.975636,0.982397,1.00383,0.00928454,0.923347,0.970848,1.02374,1.1195,0.259661,0.34778,0.266766,0.272049,0.34248,0.355568,0.970848,1.09502,1.11227,1.02374,-9999,-9999
201212,0.262989,0.263229,0.287651,0.00404089,0.250712,0.264467,0.306175,0.321244,0.328583,0.280446,0.286237,0.327422,0.0112562,0.258056,0.264542,0.391575,0.446622,-0.0261873,0.00926003,-0.026758,0.0106101,0.00925551,0.027655,0.264542,0.264467,0.306175,0.391575,-9999,-9999
201301,0.530278,0.53478,0.527806,0.00137475,0.5145,0.518291,0.53245,0.536649,0.539516,0.239538,0.239698,0.225776,0.0033261,0.18008,0.220687,0.239538,0.240764,0.0223884,0.0123687,0.016475,0.0216156,0.0111013,0.0127048,0.220687,0.518291,0.53245,0.239538,-9999,-9999
201302,0.645805,0.654496,0.655153,0.00138546,0.640092,0.648464,0.661508,0.664095,0.667263,0.79471,0.847336,0.890873,0.0107799,0.79471,0.822242,0.964856,0.985637,0.120413,0.0913627,0.120619,0.123529,0.0996811,0.130466,0.822242,0.648464,0.661508,0.964856,-9999,-9999
201303,0.57475,0.575282,0.584655,0.00167949,0.572164,0.575963,0.592111,0.597856,0.599535,0.84714,1.03232,0.942734,0.010784,0.844789,0.887306,0.999663,1.04355,0.114253,0.311254,0.117889,0.130317,0.329195,0.389473,0.887306,0.575963,0.592111,0.999663,-9999,-9999
201304,1.16911,1.16538,1.18227,0.00407335,1.15797,1.16548,1.18858,1.19723,1.23617,1.19209,1.24151,1.22775,0.00475,1.18641,1.20662,1.24139,1.27727,1.35006,1.40494,1.34749,1.3679,1.41558,1.4359,1.20662,1.16548,1.18858,1.24139,0.15860735,0.23400185
201305,3.27874,3.29913,3.31946,0.0206428,3.11349,3.2348,3.42489,3.44499,3.51756,3.40924,3.46935,3.4832,0.0148319,3.32765,3.42406,3.51722,3.59351,6.13492,6.23452,6.07496,6.18445,6.25381,6.3174,3.42406,3.2348,3.42489,3.51722,0.18824308,0.27634463
201306,5.61278,5.56186,5.54701,0.021587,5.29282,5.45088,5.63796,5.6847,5.7338,6.89705,6.82444,6.89786,0.0601779,6.16656,6.6314,7.14309,7.55343,9.23647,10.3332,9.14794,9.30016,10.1974,10.5032,6.6314,5.45088,5.63796,7.14309,0.33727446,0.45291328
201307,6.04772,6.06905,5.97727,0.022348,5.65522,5.9027,6.04772,6.11119,6.18663,6.6113,6.78668,6.90669,0.0653942,6.25464,6.65122,7.11083,7.68482,9.37779,9.91814,9.31299,9.37901,9.91814,10.3439,6.65122,5.9027,6.04772,7.11083,0.001636757,0.006793243
201308,5.91612,5.90962,5.53425,0.05522,5.00358,5.16364,5.88754,5.90743,5.91611,5.69769,6.19712,5.84354,0.0369897,5.53218,5.6196,6.01771,6.21522,7.38118,6.99043,6.68596,7.31512,6.96503,7.32946,5.6196,5.16364,5.88754,6.01771,0.3877044,0.62664956
201309,3.98405,3.98137,3.94435,0.015689,3.75482,3.88764,4.01829,4.02823,4.04951,4.46935,4.19314,4.27887,0.0494083,3.70179,4.15526,4.45276,4.75759,4.35579,4.5545,4.2728,4.42559,4.44337,4.6131,4.15526,3.88764,4.01829,4.45276,0.32874072,0.61742145
201310,2.29559,2.28981,2.29014,0.0088637,2.20424,2.22923,2.31302,2.34976,2.39371,2.26134,2.39905,2.30821,0.0101558,2.19799,2.25683,2.35479,2.39836,1.63285,1.79551,1.62356,1.64948,1.79551,1.87564,2.25683,2.22923,2.31302,2.35479,0.034628917,0.08715244
201311,1.26682,1.26445,1.2617,0.00113502,1.2439,1.25658,1.26674,1.26769,1.27022,1.04868,0.974951,1.017,0.00949326,0.940501,0.96468,1.04954,1.14255,0.32739,0.375767,0.31113,0.334465,0.358916,0.373671,0.96468,1.25658,1.26674,1.04954,-9999,-9999
201312,0.855014,0.853001,0.853885,0.000714503,0.844744,0.850239,0.856879,0.858137,0.860202,0.79456,0.794426,0.8029,0.00604062,0.753839,0.769034,0.809769,0.881656,0.0862387,0.117785,0.0826749,0.0869776,0.113311,0.119552,0.769034,0.850239,0.856879,0.809769,-9999,-9999
201401,0.584001,0.583514,0.560692,0.00609565,0.48523,0.517828,0.587012,0.59014,0.592502,0.192075,0.201976,0.248577,0.0151625,0.184612,0.192095,0.228648,0.424886,-0.0622849,0.17723,-0.136064,-0.0661412,0.149047,0.17723,0.192095,0.517828,0.587012,0.228648,-9999,-9999
201402,0.576641,0.576336,0.576059,0.00144632,0.561502,0.566856,0.583021,0.584766,0.585961,0.584506,0.601593,0.617489,0.0107158,0.5587,0.58422,0.620472,0.681644,0.278584,0.328568,0.266805,0.278584,0.326098,0.338537,0.58422,0.566856,0.583021,0.620472,-0.010727242,-0.05695522
201403,0.958691,0.95765,0.96645,0.00228127,0.938929,0.958337,0.974979,0.984381,0.985705,0.733557,0.732732,0.73013,0.00224232,0.710285,0.722357,0.735372,0.751384,1.11515,1.01637,1.1146,1.13803,1.01438,1.02934,0.722357,0.958337,0.974979,0.735372,0.07354583,0.16408837
201404,1.42986,1.42711,1.46012,0.00746738,1.39321,1.41354,1.48722,1.51417,1.55108,1.44074,1.49774,1.40294,0.0131109,1.2067,1.34244,1.46048,1.50084,2.42671,2.4793,2.43248,2.48419,2.46786,2.54302,1.34244,1.41354,1.48722,1.46048,0.22291735,0.35741517
201405,3.0677,3.07512,3.18722,0.0277177,2.86072,3.06553,3.28982,3.34342,3.51592,3.46119,3.48831,3.42327,0.0275172,3.11644,3.26181,3.54545,3.58385,4.71924,4.99721,4.72044,4.95876,4.93785,5.06277,3.26181,3.06553,3.28982,3.54545,0.25100586,0.3447174
201406,4.66313,4.44788,4.5053,0.0272184,4.25093,4.42091,4.52947,4.66995,4.91505,5.05871,5.11752,5.18008,0.0257408,5.01922,5.0657,5.18208,5.52532,7.85021,8.44565,7.78192,8.05085,8.46473,8.60662,5.0657,4.42091,4.52947,5.18208,0.42128453,0.56792057
201407,5.96779,6.01638,6.00465,0.0628928,5.4764,5.65661,6.02909,6.5958,6.80384,6.34301,6.28605,6.64278,0.0872546,5.84693,6.34923,6.79875,7.28039,9.23848,9.34471,8.86827,9.28033,9.39761,9.68547,6.34923,5.65661,6.02909,6.79875,0.4132274,0.5708198
201408,4.82941,4.83611,4.83171,0.0305586,4.58419,4.65192,4.92827,5.09291,5.13136,5.89217,5.92453,6.08668,0.0623186,5.77784,5.8481,6.11632,6.76288,6.54424,7.5482,6.46294,6.54424,7.4981,7.72745,5.8481,4.65192,4.92827,6.11632,0.119678445,0.17755571
201409,3.81978,3.81806,4.03747,0.034016,3.73665,3.86375,4.18857,4.27936,4.41865,5.95832,5.79399,5.44961,0.0916806,4.41232,4.91008,5.85515,6.15424,4.2261,5.68609,4.20329,4.65475,5.07666,5.58619,4.91008,3.86375,4.18857,5.85515,0.15655695,0.29039034
201410,3.04714,3.03739,2.70834,0.0555131,2.03833,2.42317,3.0352,3.03739,3.04376,1.87264,1.97585,1.94903,0.0102339,1.86838,1.89318,2.01229,2.04308,2.36153,1.53205,1.92316,2.48284,1.54789,1.59595,1.89318,2.42317,3.0352,2.01229,0.008972387,-0.03879316
201411,1.07458,1.07334,1.05615,0.00381256,1.00367,1.0366,1.07397,1.0756,1.07655,0.764886,0.781943,0.760429,0.00748151,0.660926,0.730368,0.775171,0.820181,0.250623,0.312018,0.204665,0.252311,0.312493,0.356046,0.730368,1.0366,1.07397,0.775171,-9999,-9999
201412,0.669655,0.667414,0.656814,0.00213092,0.632939,0.643225,0.668413,0.669565,0.671029,0.5933,0.612315,0.564258,0.00767528,0.422908,0.547666,0.58381,0.612944,0.0248855,0.0918274,-1.25E-05,0.0248855,0.0807739,0.0883647,0.547666,0.643225,0.668413,0.58381,-9999,-9999